 AU01_r, AU02_r, AU04_r, AU05_r, AU06_r, AU07_r, AU09_r, AU10_r, AU12_r, AU14_r, AU15_r, AU17_r, AU20_r, AU23_r, AU25_r, AU26_r, AU45_r,filename
0.41,0.27,0.58,0.46,0.57,0.55,0.62,0.31,0.45,0.44,0.62,0.67,0.64,0.42,0.42,0.22,0.34,DST_114_M_NUT.csv
0.88,0.99,0.27,0.99,0.56,0.13,0.26,0.61,0.74,0.73,0.77,0.89,0.93,0.63,0.9,0.66,0.22,DST_048_M_FER.csv
0.89,0.84,0.68,0.53,0.44,0.19,0.26,0.33,0.59,0.57,0.54,0.67,0.59,0.47,0.49,0.41,0.58,DST_015_M_NUT.csv
0.85,0.97,0.37,0.98,0.26,0.46,0.31,0.42,0.43,0.13,0.45,0.44,0.31,0.54,0.72,0.69,0.44,DST_177_F_SUR.csv
0.69,0.45,0.89,0.45,0.55,0.71,0.41,0.46,0.52,0.53,0.77,0.91,0.7,0.65,0.31,0.41,0.31,DST_118_M_ANG.csv
0.21,0.19,0.71,0.56,0.71,0.98,0.96,0.53,0.33,0.32,0.53,0.77,0.21,0.63,0.24,0.14,0.39,DST_135_F_DIS.csv
0.5,0.58,0.41,0.38,0.59,0.36,0.73,0.62,0.54,0.73,0.7,0.78,0.68,0.55,0.44,0.42,0.45,DST_013_M_NUT.csv
0.2,0.15,0.79,0.17,0.93,0.98,0.98,0.94,0.7,0.68,0.51,0.93,0.52,0.62,0.4,0.6,0.24,DST_119_M_DIS.csv
0.28,0.32,0.83,0.6,0.76,0.98,0.97,0.5,0.28,0.23,0.49,0.74,0.35,0.68,0.3,0.17,0.34,DST_145_F_DIS.csv
0.92,0.98,0.31,0.99,0.45,0.06,0.18,0.41,0.63,0.71,0.7,0.73,0.82,0.52,0.44,0.54,0.14,DST_018_M_FER.csv
0.71,0.44,0.87,0.33,0.57,0.85,0.41,0.51,0.33,0.35,0.68,0.73,0.81,0.5,0.73,0.74,0.68,DST_124_F_SAD.csv
0.76,0.54,0.86,0.46,0.75,0.94,0.71,0.71,0.67,0.89,0.32,0.93,0.64,0.83,0.44,0.51,0.4,DST_163_F_ANG.csv
0.76,0.38,0.89,0.54,0.6,0.85,0.46,0.46,0.45,0.67,0.87,0.96,0.84,0.6,0.25,0.65,0.48,DST_136_F_SAD.csv
0.48,0.57,0.31,0.61,0.91,0.74,0.46,0.92,0.94,0.81,0.43,0.8,0.59,0.73,0.56,0.39,0.23,DST_047_M_HPY.csv
0.61,0.43,0.74,0.41,0.8,0.72,0.4,0.66,0.9,0.78,0.81,0.87,0.73,0.58,0.34,0.27,0.32,DST_064_M_SAD.csv
0.81,0.95,0.35,0.98,0.19,0.45,0.46,0.23,0.28,0.21,0.44,0.3,0.27,0.46,0.66,0.68,0.3,DST_135_F_SUR.csv
0.59,0.39,0.55,0.55,0.53,0.56,0.53,0.64,0.6,0.47,0.76,0.51,0.8,0.31,0.58,0.45,0.4,DST_002_F_NUT.csv
0.34,0.41,0.45,0.72,0.82,0.47,0.56,0.65,0.84,0.82,0.67,0.88,0.78,0.67,0.68,0.62,0.23,DST_108_M_ANG.csv
0.72,0.27,0.74,0.42,0.45,0.82,0.29,0.27,0.34,0.36,0.84,0.77,0.9,0.52,0.39,0.28,0.5,DST_171_F_SAD.csv
0.54,0.54,0.28,0.68,0.8,0.46,0.45,0.65,0.93,0.94,0.18,0.38,0.62,0.54,0.42,0.32,0.16,DST_032_F_HPY.csv
0.56,0.54,0.25,0.32,0.95,0.91,0.51,0.88,0.97,0.96,0.39,0.75,0.57,0.63,0.71,0.4,0.37,DST_026_M_HPY.csv
0.54,0.61,0.39,0.69,0.76,0.25,0.5,0.71,0.94,0.91,0.25,0.45,0.68,0.54,0.51,0.31,0.46,DST_159_F_HPY.csv
0.47,0.42,0.66,0.26,0.77,0.97,0.95,0.64,0.38,0.42,0.62,0.81,0.44,0.63,0.47,0.37,0.52,DST_183_F_DIS.csv
0.66,0.81,0.67,0.86,0.62,0.34,0.76,0.49,0.49,0.67,0.36,0.82,0.35,0.57,0.51,0.2,0.34,DST_163_F_NUT.csv
0.78,0.91,0.51,0.99,0.27,0.42,0.46,0.39,0.28,0.09,0.47,0.66,0.25,0.43,0.91,0.89,0.29,DST_026_M_SUR.csv
0.5,0.35,0.95,0.69,0.63,0.87,0.57,0.4,0.4,0.62,0.72,0.94,0.51,0.67,0.16,0.54,0.19,DST_114_M_ANG.csv
0.29,0.37,0.35,0.47,0.86,0.94,0.59,0.65,0.94,0.89,0.39,0.45,0.69,0.65,0.62,0.59,0.56,DST_185_F_HPY.csv
0.56,0.67,0.18,0.65,0.41,0.28,0.19,0.41,0.68,0.78,0.24,0.6,0.59,0.58,0.45,0.34,0.48,DST_162_F_NUT.csv
0.58,0.55,0.98,0.47,0.79,0.83,0.72,0.74,0.57,0.64,0.86,0.96,0.83,0.72,0.44,0.76,0.41,DST_020_M_SAD.csv
0.51,0.68,0.13,0.79,0.82,0.79,0.75,0.79,0.92,0.76,0.44,0.61,0.82,0.64,0.54,0.5,0.41,DST_042_F_HPY.csv
0.95,0.99,0.4,0.93,0.56,0.42,0.47,0.51,0.66,0.64,0.82,0.76,0.87,0.63,0.58,0.46,0.4,DST_020_M_FER.csv
0.22,0.25,0.84,0.24,0.92,0.98,0.98,0.76,0.5,0.82,0.78,0.7,0.66,0.75,0.34,0.16,0.54,DST_129_F_DIS.csv
0.4,0.58,0.86,0.75,0.64,0.78,0.62,0.75,0.44,0.78,0.61,0.92,0.71,0.73,0.23,0.78,0.28,DST_031_M_ANG.csv
0.51,0.5,0.59,0.33,0.61,0.58,0.71,0.74,0.28,0.47,0.86,0.92,0.71,0.45,0.48,0.57,0.34,DST_026_M_SAD.csv
0.39,0.55,0.42,0.41,0.94,0.76,0.69,0.81,0.92,0.9,0.54,0.44,0.82,0.7,0.53,0.38,0.66,DST_129_F_HPY.csv
0.88,0.98,0.33,0.99,0.28,0.17,0.41,0.33,0.58,0.13,0.29,0.46,0.24,0.63,0.9,0.89,0.37,DST_040_F_SUR.csv
0.63,0.72,0.77,0.23,0.91,0.81,0.97,0.95,0.71,0.94,0.76,0.94,0.79,0.54,0.48,0.44,0.41,DST_016_M_DIS.csv
0.3,0.46,0.86,0.28,0.95,0.98,0.97,0.83,0.66,0.55,0.7,0.96,0.23,0.76,0.26,0.16,0.27,DST_086_M_DIS.csv
0.37,0.31,0.46,0.4,0.61,0.44,0.54,0.22,0.52,0.44,0.84,0.7,0.86,0.6,0.49,0.5,0.39,DST_074_M_NUT.csv
0.63,0.38,0.9,0.26,0.62,0.87,0.58,0.52,0.52,0.59,0.92,0.92,0.52,0.51,0.35,0.66,0.45,DST_096_M_SAD.csv
0.43,0.37,0.38,0.58,0.94,0.88,0.73,0.65,0.94,0.65,0.45,0.54,0.39,0.49,0.42,0.07,0.27,DST_029_F_HPY.csv
0.92,0.96,0.33,1.0,0.44,0.82,0.38,0.27,0.4,0.35,0.65,0.61,0.76,0.48,0.47,0.8,0.2,DST_051_M_SUR.csv
0.92,0.98,0.34,0.99,0.26,0.25,0.17,0.1,0.39,0.51,0.47,0.59,0.71,0.53,0.43,0.53,0.29,DST_157_F_FER.csv
0.88,0.98,0.38,0.99,0.19,0.18,0.33,0.47,0.31,0.04,0.37,0.58,0.58,0.49,0.72,0.78,0.39,DST_099_M_SUR.csv
0.54,0.51,0.38,0.46,0.68,0.4,0.56,0.39,0.63,0.58,0.66,0.72,0.7,0.61,0.55,0.38,0.46,DST_106_M_NUT.csv
0.89,0.94,0.31,0.99,0.23,0.54,0.2,0.23,0.33,0.14,0.55,0.6,0.19,0.48,0.8,0.74,0.52,DST_170_F_SUR.csv
0.54,0.45,0.78,0.22,0.85,0.86,0.61,0.7,0.69,0.86,0.69,0.98,0.58,0.81,0.27,0.73,0.29,DST_091_M_ANG.csv
0.56,0.43,0.47,0.21,0.95,0.82,0.98,0.95,0.75,0.82,0.58,0.89,0.67,0.58,0.56,0.31,0.4,DST_013_M_DIS.csv
0.86,0.56,0.89,0.98,0.49,0.54,0.33,0.64,0.43,0.68,0.88,0.92,0.61,0.61,0.31,0.52,0.24,DST_027_F_ANG.csv
0.57,0.78,0.35,0.5,0.74,0.77,0.89,0.76,0.67,0.55,0.45,0.73,0.24,0.57,0.38,0.32,0.37,DST_186_F_DIS.csv
0.53,0.19,0.78,0.23,0.93,0.95,0.59,0.8,0.88,0.89,0.69,0.86,0.88,0.68,0.73,0.61,0.42,DST_093_M_SAD.csv
0.41,0.3,0.91,0.42,0.78,0.82,0.62,0.55,0.62,0.66,0.84,0.9,0.92,0.63,0.39,0.41,0.49,DST_074_M_SAD.csv
0.39,0.25,0.79,0.74,0.46,0.83,0.57,0.43,0.34,0.75,0.72,0.71,0.55,0.64,0.17,0.36,0.25,DST_135_F_ANG.csv
0.52,0.34,0.84,0.44,0.82,0.99,0.97,0.75,0.44,0.63,0.55,0.6,0.25,0.57,0.55,0.47,0.54,DST_174_F_DIS.csv
0.46,0.37,0.96,0.49,0.61,0.65,0.72,0.58,0.32,0.46,0.7,0.93,0.82,0.68,0.24,0.42,0.36,DST_010_M_ANG.csv
0.92,0.97,0.29,0.99,0.55,0.65,0.34,0.43,0.62,0.58,0.64,0.79,0.86,0.62,0.42,0.37,0.24,DST_186_F_FER.csv
0.4,0.33,0.36,0.47,0.95,0.86,0.54,0.74,0.96,0.92,0.72,0.87,0.9,0.81,0.4,0.29,0.39,DST_074_M_HPY.csv
0.79,0.4,0.92,0.44,0.44,0.91,0.5,0.46,0.24,0.26,0.95,0.94,0.84,0.35,0.49,0.38,0.81,DST_142_F_SAD.csv
0.88,0.87,0.57,0.58,0.34,0.57,0.32,0.2,0.51,0.6,0.44,0.51,0.71,0.58,0.52,0.57,0.53,DST_182_F_NUT.csv
0.73,0.35,0.47,0.68,0.96,0.94,0.48,0.9,0.96,0.9,0.67,0.91,0.85,0.69,0.65,0.4,0.5,DST_097_M_HPY.csv
0.68,0.66,0.94,0.63,0.5,0.91,0.73,0.57,0.33,0.68,0.88,0.95,0.79,0.6,0.34,0.42,0.43,DST_173_F_SAD.csv
0.96,0.99,0.61,0.98,0.18,0.49,0.32,0.22,0.34,0.17,0.55,0.52,0.35,0.43,0.85,0.91,0.43,DST_176_F_SUR.csv
0.74,0.77,0.45,0.94,0.52,0.51,0.41,0.28,0.58,0.59,0.71,0.61,0.93,0.53,0.57,0.53,0.28,DST_105_M_FER.csv
0.49,0.37,0.77,0.62,0.6,0.73,0.63,0.51,0.45,0.2,0.77,0.64,0.72,0.46,0.47,0.39,0.38,DST_120_M_NUT.csv
0.35,0.65,0.66,0.86,0.88,0.97,0.98,0.89,0.64,0.37,0.37,0.92,0.31,0.65,0.52,0.49,0.3,DST_036_F_DIS.csv
0.88,0.96,0.37,0.99,0.26,0.47,0.31,0.36,0.47,0.29,0.29,0.32,0.24,0.4,0.59,0.62,0.18,DST_032_F_SUR.csv
0.57,0.57,0.83,0.37,0.63,0.86,0.71,0.36,0.58,0.5,0.61,0.44,0.58,0.47,0.52,0.64,0.45,DST_096_M_NUT.csv
0.91,0.97,0.35,0.99,0.19,0.49,0.23,0.23,0.36,0.14,0.59,0.58,0.26,0.36,0.9,0.88,0.47,DST_126_F_SUR.csv
0.64,0.45,0.83,0.36,0.81,0.94,0.95,0.77,0.56,0.68,0.35,0.65,0.39,0.63,0.52,0.38,0.61,DST_167_F_DIS.csv
0.29,0.51,0.85,0.56,0.69,0.69,0.61,0.48,0.41,0.68,0.77,0.8,0.84,0.75,0.22,0.26,0.32,DST_129_F_ANG.csv
0.96,0.99,0.52,1.0,0.23,0.39,0.25,0.16,0.35,0.18,0.43,0.49,0.43,0.51,0.66,0.89,0.36,DST_182_F_SUR.csv
0.65,0.57,0.47,0.46,0.47,0.54,0.63,0.75,0.51,0.72,0.78,0.84,0.62,0.55,0.63,0.66,0.4,DST_022_M_SAD.csv
0.62,0.7,0.34,0.84,0.24,0.54,0.32,0.16,0.31,0.46,0.72,0.43,0.54,0.57,0.29,0.23,0.35,DST_146_F_NUT.csv
0.46,0.25,0.59,0.43,0.94,0.99,0.97,0.92,0.61,0.81,0.67,0.9,0.62,0.72,0.38,0.32,0.47,DST_128_F_DIS.csv
0.96,0.98,0.48,0.98,0.49,0.56,0.29,0.35,0.64,0.67,0.7,0.68,0.89,0.42,0.54,0.65,0.26,DST_096_M_FER.csv
0.64,0.42,0.81,0.39,0.72,0.54,0.31,0.74,0.54,0.46,0.81,0.78,0.74,0.55,0.69,0.21,0.45,DST_047_M_SAD.csv
0.99,1.0,0.38,0.96,0.51,0.16,0.15,0.45,0.72,0.78,0.62,0.71,0.7,0.55,0.53,0.38,0.48,DST_015_M_FER.csv
0.44,0.45,0.53,0.66,0.83,0.62,0.54,0.78,0.96,0.9,0.28,0.78,0.49,0.64,0.74,0.6,0.34,DST_164_F_HPY.csv
0.78,0.94,0.4,0.97,0.42,0.32,0.55,0.53,0.44,0.37,0.51,0.44,0.27,0.53,0.76,0.85,0.35,DST_043_M_SUR.csv
0.89,0.98,0.24,0.97,0.42,0.14,0.55,0.55,0.52,0.52,0.58,0.49,0.56,0.33,0.87,0.82,0.36,DST_013_M_SUR.csv
0.61,0.44,0.9,0.93,0.53,0.88,0.4,0.35,0.37,0.38,0.73,0.9,0.78,0.67,0.29,0.48,0.35,DST_142_F_ANG.csv
0.67,0.44,0.42,0.75,0.41,0.62,0.28,0.31,0.38,0.29,0.68,0.45,0.69,0.57,0.44,0.24,0.43,DST_170_F_NUT.csv
0.47,0.47,0.69,0.43,0.62,0.53,0.71,0.66,0.47,0.85,0.63,0.95,0.83,0.83,0.25,0.83,0.26,DST_012_M_ANG.csv
0.88,0.97,0.1,0.98,0.32,0.44,0.11,0.14,0.43,0.3,0.81,0.6,0.94,0.59,0.48,0.26,0.26,DST_171_F_FER.csv
0.55,0.47,0.93,0.57,0.6,0.77,0.89,0.82,0.49,0.74,0.95,0.94,0.76,0.42,0.4,0.46,0.43,DST_023_F_SAD.csv
0.81,0.52,0.6,0.75,0.5,0.59,0.47,0.38,0.56,0.3,0.56,0.63,0.51,0.41,0.33,0.34,0.36,DST_084_M_NUT.csv
0.86,0.55,0.58,0.45,0.31,0.69,0.16,0.4,0.39,0.41,0.89,0.93,0.81,0.54,0.52,0.39,0.61,DST_131_F_SAD.csv
0.45,0.36,0.96,0.26,0.86,0.99,0.98,0.71,0.42,0.32,0.73,0.94,0.45,0.59,0.57,0.56,0.32,DST_081_M_DIS.csv
0.46,0.42,0.54,0.32,0.57,0.38,0.57,0.62,0.48,0.55,0.71,0.74,0.67,0.55,0.49,0.42,0.42,DST_012_M_NUT.csv
0.91,0.92,0.27,0.99,0.38,0.54,0.15,0.3,0.41,0.26,0.92,0.77,0.86,0.57,0.44,0.28,0.36,DST_170_F_FER.csv
0.91,0.96,0.39,0.98,0.41,0.57,0.51,0.34,0.49,0.26,0.59,0.41,0.39,0.44,0.9,0.92,0.54,DST_091_M_SUR.csv
0.96,1.0,0.27,0.99,0.28,0.5,0.23,0.18,0.55,0.2,0.35,0.65,0.77,0.46,0.84,0.22,0.32,DST_089_M_FER.csv
0.58,0.32,0.98,0.76,0.79,0.85,0.51,0.46,0.68,0.77,0.52,0.87,0.77,0.85,0.29,0.64,0.17,DST_098_M_ANG.csv
0.7,0.44,0.56,0.7,0.4,0.16,0.53,0.49,0.57,0.76,0.72,0.74,0.8,0.42,0.46,0.24,0.58,DST_004_F_NUT.csv
0.91,0.98,0.39,0.99,0.26,0.45,0.26,0.48,0.44,0.11,0.38,0.54,0.25,0.5,0.78,0.88,0.34,DST_065_F_SUR.csv
0.48,0.27,0.6,0.49,0.92,0.89,0.36,0.8,0.95,0.88,0.5,0.5,0.81,0.45,0.43,0.28,0.31,DST_115_M_HPY.csv
0.64,0.46,0.77,0.83,0.75,0.81,0.59,0.69,0.68,0.8,0.86,0.95,0.87,0.5,0.28,0.36,0.27,DST_002_F_ANG.csv
0.7,0.32,0.98,0.44,0.71,0.84,0.61,0.63,0.5,0.42,0.96,0.93,0.86,0.56,0.54,0.6,0.59,DST_120_M_SAD.csv
0.52,0.33,0.93,0.48,0.57,0.76,0.45,0.44,0.53,0.83,0.65,0.94,0.7,0.75,0.16,0.81,0.27,DST_081_M_ANG.csv
0.44,0.48,0.92,0.68,0.83,0.71,0.93,0.84,0.41,0.65,0.9,0.95,0.59,0.65,0.25,0.62,0.37,DST_043_M_ANG.csv
0.63,0.37,0.71,0.37,0.81,0.91,0.93,0.76,0.59,0.5,0.68,0.71,0.42,0.53,0.5,0.28,0.58,DST_004_F_DIS.csv
0.9,0.97,0.43,0.92,0.43,0.53,0.54,0.55,0.66,0.14,0.65,0.65,0.47,0.29,0.82,0.76,0.43,DST_105_M_SUR.csv
0.92,0.95,0.46,1.0,0.34,0.52,0.19,0.16,0.44,0.43,0.78,0.79,0.87,0.62,0.7,0.34,0.31,DST_126_F_FER.csv
0.92,0.98,0.45,0.99,0.41,0.41,0.55,0.27,0.49,0.1,0.6,0.59,0.24,0.44,0.78,0.91,0.18,DST_086_M_SUR.csv
0.88,0.94,0.48,0.98,0.31,0.63,0.56,0.3,0.43,0.11,0.48,0.51,0.23,0.55,0.89,0.83,0.52,DST_024_F_SUR.csv
0.72,0.45,0.82,0.44,0.25,0.81,0.76,0.62,0.25,0.3,0.91,0.93,0.6,0.58,0.28,0.33,0.41,DST_145_F_SAD.csv
0.6,0.4,0.59,0.91,0.62,0.96,0.48,0.42,0.4,0.53,0.5,0.92,0.93,0.77,0.28,0.41,0.16,DST_147_F_ANG.csv
0.95,0.95,0.41,0.89,0.55,0.54,0.23,0.27,0.68,0.63,0.81,0.73,0.9,0.35,0.39,0.43,0.34,DST_115_M_FER.csv
0.9,0.56,0.88,0.63,0.42,0.61,0.26,0.69,0.43,0.66,0.94,0.88,0.59,0.52,0.4,0.51,0.52,DST_027_F_SAD.csv
0.58,0.65,0.21,0.64,0.33,0.36,0.46,0.27,0.49,0.5,0.47,0.52,0.52,0.64,0.37,0.8,0.44,DST_022_M_NUT.csv
0.78,0.93,0.42,0.99,0.22,0.32,0.34,0.28,0.29,0.01,0.32,0.73,0.18,0.4,0.83,0.93,0.27,DST_145_F_SUR.csv
0.75,0.73,0.65,0.53,0.53,0.46,0.46,0.37,0.67,0.45,0.58,0.64,0.51,0.39,0.36,0.41,0.38,DST_118_M_NUT.csv
0.78,0.93,0.36,0.98,0.35,0.5,0.15,0.21,0.47,0.45,0.71,0.62,0.78,0.56,0.4,0.5,0.35,DST_185_F_FER.csv
0.5,0.47,0.4,0.48,0.85,0.86,0.53,0.84,0.93,0.87,0.52,0.75,0.69,0.6,0.66,0.61,0.45,DST_027_F_HPY.csv
0.64,0.5,0.98,0.72,0.42,0.84,0.71,0.45,0.25,0.51,0.89,0.88,0.69,0.54,0.29,0.42,0.57,DST_130_F_SAD.csv
0.74,0.85,0.44,0.55,0.31,0.45,0.35,0.23,0.41,0.32,0.71,0.47,0.67,0.46,0.57,0.46,0.61,DST_142_F_NUT.csv
0.74,0.38,0.68,0.32,0.63,0.48,0.59,0.61,0.57,0.64,0.64,0.64,0.6,0.45,0.6,0.52,0.46,DST_083_M_NUT.csv
0.43,0.41,0.57,0.38,0.81,0.97,0.88,0.76,0.55,0.46,0.47,0.81,0.25,0.69,0.46,0.48,0.54,DST_131_F_DIS.csv
0.62,0.48,0.6,0.49,0.94,0.93,0.46,0.85,0.92,0.82,0.62,0.93,0.53,0.78,0.33,0.77,0.41,DST_030_M_HPY.csv
0.58,0.65,0.57,0.69,0.56,0.5,0.66,0.45,0.57,0.4,0.64,0.52,0.64,0.41,0.65,0.55,0.47,DST_091_M_NUT.csv
0.92,0.92,0.42,0.74,0.43,0.41,0.29,0.31,0.51,0.63,0.79,0.92,0.9,0.61,0.37,0.48,0.47,DST_122_M_FER.csv
0.66,0.22,0.85,0.21,0.87,0.96,0.9,0.71,0.4,0.66,0.7,0.82,0.8,0.5,0.38,0.46,0.57,DST_136_F_DIS.csv
0.84,0.45,0.95,0.69,0.68,0.9,0.41,0.55,0.68,0.49,0.85,0.92,0.84,0.75,0.48,0.54,0.44,DST_110_M_SAD.csv
0.62,0.13,0.91,0.57,0.93,1.0,0.95,0.84,0.62,0.48,0.75,0.62,0.66,0.58,0.85,0.29,0.5,DST_170_F_DIS.csv
0.6,0.46,0.95,0.49,0.6,0.83,0.4,0.59,0.38,0.32,0.83,0.94,0.54,0.62,0.25,0.75,0.48,DST_030_M_SAD.csv
0.92,0.98,0.35,0.95,0.39,0.37,0.45,0.21,0.53,0.27,0.48,0.59,0.62,0.52,0.77,0.88,0.47,DST_122_M_SUR.csv
0.31,0.5,0.34,0.77,0.44,0.26,0.51,0.29,0.43,0.42,0.55,0.44,0.45,0.5,0.37,0.27,0.31,DST_137_F_NUT.csv
0.19,0.29,0.51,0.34,0.71,0.91,0.94,0.52,0.44,0.42,0.4,0.61,0.16,0.73,0.33,0.15,0.45,DST_137_F_DIS.csv
0.5,0.21,0.78,0.57,0.7,0.95,0.55,0.54,0.45,0.58,0.82,0.91,0.8,0.56,0.32,0.19,0.74,DST_128_F_SAD.csv
0.32,0.27,0.67,0.31,0.9,0.96,0.97,0.87,0.64,0.71,0.74,0.86,0.66,0.67,0.4,0.43,0.31,DST_105_M_DIS.csv
0.58,0.34,0.99,0.5,0.85,0.99,0.95,0.81,0.37,0.62,0.68,0.9,0.46,0.61,0.27,0.4,0.71,DST_130_F_DIS.csv
0.55,0.45,0.55,0.58,0.54,0.26,0.55,0.51,0.48,0.51,0.61,0.67,0.77,0.43,0.35,0.47,0.5,DST_010_M_NUT.csv
0.68,0.41,0.84,0.34,0.6,0.71,0.74,0.65,0.59,0.49,0.66,0.87,0.26,0.63,0.56,0.53,0.45,DST_164_F_SAD.csv
0.87,0.75,0.88,0.54,0.73,0.5,0.65,0.7,0.78,0.92,0.81,0.91,0.84,0.61,0.46,0.45,0.56,DST_016_M_SAD.csv
0.9,0.95,0.43,0.98,0.55,0.4,0.41,0.43,0.59,0.57,0.85,0.76,0.92,0.42,0.86,0.73,0.37,DST_091_M_FER.csv
0.75,0.66,0.93,0.72,0.63,0.69,0.59,0.47,0.44,0.88,0.72,0.83,0.73,0.49,0.54,0.5,0.3,DST_163_F_SAD.csv
0.79,0.96,0.29,0.99,0.35,0.37,0.37,0.39,0.5,0.32,0.38,0.35,0.32,0.43,0.8,0.55,0.24,DST_137_F_SUR.csv
0.65,0.46,0.69,0.37,0.75,0.76,0.68,0.87,0.53,0.83,0.92,0.96,0.79,0.54,0.55,0.61,0.48,DST_041_M_SAD.csv
0.87,0.95,0.4,0.94,0.42,0.54,0.26,0.15,0.44,0.38,0.79,0.61,0.8,0.48,0.51,0.33,0.3,DST_081_M_FER.csv
0.91,0.98,0.22,0.99,0.39,0.37,0.3,0.46,0.55,0.33,0.34,0.33,0.32,0.5,0.85,0.91,0.39,DST_088_M_SUR.csv
0.66,0.58,0.3,0.58,0.84,0.92,0.27,0.78,0.95,0.85,0.42,0.51,0.62,0.55,0.47,0.29,0.45,DST_131_F_HPY.csv
0.89,0.97,0.29,0.97,0.35,0.3,0.3,0.26,0.54,0.44,0.77,0.35,0.96,0.57,0.46,0.25,0.28,DST_129_F_FER.csv
0.74,0.8,0.6,0.78,0.5,0.52,0.34,0.3,0.65,0.2,0.66,0.6,0.62,0.67,0.69,0.75,0.51,DST_110_M_NUT.csv
0.75,0.47,0.88,0.71,0.42,0.12,0.66,0.73,0.51,0.73,0.57,0.95,0.51,0.47,0.32,0.22,0.26,DST_004_F_ANG.csv
0.92,0.89,0.57,0.98,0.55,0.57,0.29,0.32,0.52,0.17,0.79,0.8,0.88,0.38,0.74,0.38,0.25,DST_120_M_FER.csv
0.48,0.55,0.37,0.65,0.33,0.25,0.3,0.21,0.45,0.45,0.47,0.58,0.49,0.46,0.24,0.38,0.47,DST_025_F_NUT.csv
0.4,0.4,0.28,0.71,0.91,0.91,0.49,0.85,0.9,0.87,0.63,0.73,0.68,0.7,0.35,0.44,0.4,DST_149_F_HPY.csv
0.41,0.48,0.24,0.63,0.78,0.52,0.55,0.83,0.9,0.87,0.41,0.56,0.7,0.47,0.47,0.22,0.37,DST_025_F_HPY.csv
0.96,0.99,0.46,0.97,0.45,0.44,0.23,0.53,0.42,0.46,0.53,0.72,0.9,0.43,0.5,0.53,0.35,DST_031_M_FER.csv
0.92,0.99,0.28,0.99,0.35,0.15,0.26,0.25,0.49,0.63,0.59,0.69,0.74,0.46,0.66,0.28,0.23,DST_158_F_FER.csv
0.75,0.49,0.89,0.75,0.72,0.85,0.66,0.64,0.54,0.42,0.75,0.96,0.6,0.79,0.21,0.62,0.13,DST_086_M_ANG.csv
0.46,0.45,0.37,0.7,0.66,0.74,0.22,0.44,0.9,0.72,0.48,0.61,0.79,0.72,0.43,0.34,0.27,DST_147_F_HPY.csv
0.71,0.76,0.37,0.59,0.37,0.23,0.45,0.28,0.43,0.48,0.49,0.71,0.58,0.5,0.38,0.11,0.45,DST_158_F_NUT.csv
0.6,0.24,0.84,0.43,0.45,0.89,0.6,0.44,0.32,0.35,0.78,0.94,0.4,0.54,0.21,0.57,0.3,DST_178_F_SAD.csv
0.78,0.72,0.36,0.67,0.56,0.32,0.58,0.7,0.55,0.5,0.65,0.8,0.77,0.5,0.58,0.59,0.53,DST_041_M_NUT.csv
0.44,0.77,0.46,0.7,0.49,0.19,0.64,0.56,0.47,0.63,0.53,0.74,0.53,0.47,0.56,0.55,0.54,DST_048_M_NUT.csv
0.6,0.46,0.86,0.73,0.7,0.94,0.76,0.84,0.53,0.64,0.96,0.95,0.85,0.52,0.55,0.37,0.34,DST_056_M_SAD.csv
0.64,0.6,0.95,0.73,0.55,0.88,0.69,0.33,0.38,0.78,0.48,0.92,0.68,0.76,0.28,0.54,0.3,DST_173_F_ANG.csv
0.94,0.98,0.44,0.82,0.39,0.39,0.43,0.59,0.48,0.38,0.31,0.44,0.36,0.43,0.86,0.66,0.51,DST_167_F_SUR.csv
0.92,0.97,0.58,0.96,0.44,0.29,0.23,0.33,0.58,0.09,0.57,0.43,0.33,0.22,0.77,0.82,0.3,DST_118_M_SUR.csv
0.91,0.98,0.24,0.98,0.26,0.22,0.18,0.53,0.49,0.47,0.83,0.75,0.81,0.41,0.49,0.39,0.36,DST_009_F_FER.csv
0.59,0.46,0.49,0.53,0.87,0.94,0.41,0.7,0.96,0.83,0.34,0.5,0.7,0.72,0.76,0.53,0.46,DST_065_F_HPY.csv
0.37,0.2,0.84,0.1,0.94,0.88,0.96,0.95,0.67,0.79,0.49,0.95,0.64,0.68,0.54,0.67,0.47,DST_091_M_DIS.csv
0.6,0.35,0.94,0.39,0.36,0.83,0.73,0.45,0.16,0.17,0.91,0.96,0.52,0.47,0.24,0.38,0.34,DST_119_M_SAD.csv
0.49,0.59,0.45,0.89,0.27,0.6,0.18,0.19,0.38,0.36,0.49,0.55,0.78,0.62,0.36,0.43,0.29,DST_147_F_NUT.csv
0.69,0.51,0.72,0.56,0.36,0.5,0.56,0.51,0.42,0.78,0.72,0.94,0.75,0.71,0.22,0.68,0.23,DST_174_F_ANG.csv
0.95,0.98,0.65,0.99,0.29,0.54,0.44,0.36,0.49,0.2,0.45,0.51,0.27,0.44,0.79,0.87,0.41,DST_083_M_SUR.csv
0.9,0.99,0.46,0.99,0.35,0.2,0.54,0.23,0.46,0.23,0.5,0.57,0.55,0.4,0.83,0.92,0.31,DST_068_M_SUR.csv
0.92,0.64,0.59,0.63,0.53,0.77,0.38,0.77,0.5,0.39,0.94,0.93,0.69,0.6,0.36,0.21,0.34,DST_170_F_SAD.csv
0.65,0.25,0.75,0.39,0.53,0.76,0.64,0.34,0.56,0.29,0.7,0.75,0.54,0.53,0.34,0.43,0.4,DST_119_M_NUT.csv
0.29,0.39,0.39,0.39,0.91,0.66,0.74,0.72,0.93,0.85,0.46,0.65,0.73,0.57,0.7,0.44,0.61,DST_106_M_HPY.csv
0.38,0.55,0.82,0.49,0.91,0.99,0.96,0.79,0.63,0.16,0.36,0.79,0.36,0.5,0.51,0.2,0.56,DST_089_M_DIS.csv
0.7,0.33,0.51,0.52,0.91,0.67,0.54,0.84,0.96,0.91,0.43,0.41,0.63,0.73,0.67,0.33,0.37,DST_083_M_HPY.csv
0.4,0.55,0.25,0.59,0.32,0.54,0.43,0.3,0.37,0.4,0.66,0.58,0.59,0.52,0.22,0.22,0.54,DST_177_F_NUT.csv
0.66,0.24,0.85,0.57,0.96,0.97,0.75,0.85,0.89,0.92,0.8,0.99,0.87,0.72,0.29,0.51,0.32,DST_051_M_DIS.csv
0.9,0.94,0.14,0.97,0.62,0.44,0.16,0.51,0.84,0.65,0.64,0.72,0.86,0.45,0.54,0.31,0.21,DST_093_M_FER.csv
0.24,0.17,0.74,0.11,0.88,0.93,0.93,0.78,0.72,0.77,0.62,0.85,0.61,0.51,0.44,0.3,0.56,DST_090_M_DIS.csv
0.53,0.55,0.55,0.63,0.44,0.53,0.56,0.42,0.48,0.44,0.67,0.72,0.45,0.59,0.55,0.49,0.54,DST_098_M_NUT.csv
0.67,0.76,0.28,0.64,0.29,0.71,0.2,0.22,0.42,0.35,0.7,0.55,0.58,0.47,0.28,0.21,0.41,DST_131_F_NUT.csv
0.67,0.46,0.87,0.42,0.92,0.96,0.96,0.98,0.75,0.77,0.77,0.87,0.51,0.65,0.49,0.4,0.4,DST_010_M_DIS.csv
0.46,0.35,0.86,0.39,0.72,0.75,0.7,0.74,0.66,0.76,0.62,0.96,0.65,0.82,0.09,0.56,0.16,DST_090_M_ANG.csv
0.6,0.51,0.76,0.42,0.86,0.85,0.99,0.76,0.47,0.79,0.32,0.78,0.47,0.54,0.44,0.33,0.48,DST_159_F_DIS.csv
0.43,0.5,0.44,0.53,0.42,0.52,0.57,0.29,0.55,0.73,0.57,0.62,0.66,0.59,0.26,0.31,0.3,DST_029_F_NUT.csv
0.46,0.35,0.43,0.55,0.76,0.89,0.56,0.64,0.88,0.79,0.44,0.61,0.59,0.5,0.5,0.61,0.29,DST_178_F_HPY.csv
0.85,0.98,0.43,0.99,0.22,0.27,0.44,0.47,0.34,0.14,0.16,0.73,0.13,0.56,0.86,0.88,0.41,DST_158_F_SUR.csv
0.53,0.41,0.78,0.88,0.48,0.73,0.55,0.21,0.3,0.42,0.65,0.84,0.63,0.75,0.21,0.36,0.2,DST_123_F_ANG.csv
0.93,0.99,0.49,0.99,0.44,0.48,0.47,0.46,0.52,0.28,0.49,0.52,0.25,0.38,0.96,0.94,0.39,DST_098_M_SUR.csv
0.62,0.4,0.83,0.76,0.43,0.85,0.23,0.24,0.4,0.53,0.58,0.79,0.95,0.54,0.45,0.61,0.36,DST_147_F_SAD.csv
0.75,0.81,0.24,0.49,0.72,0.71,0.34,0.58,0.96,0.81,0.42,0.53,0.59,0.55,0.78,0.49,0.68,DST_176_F_HPY.csv
0.93,0.77,0.9,0.97,0.4,0.59,0.36,0.38,0.52,0.76,0.46,0.76,0.72,0.72,0.56,0.6,0.2,DST_182_F_ANG.csv
0.41,0.35,0.79,0.52,0.7,0.87,0.62,0.64,0.48,0.69,0.84,0.77,0.76,0.46,0.38,0.49,0.52,DST_177_F_SAD.csv
0.53,0.67,0.55,0.62,0.41,0.61,0.58,0.42,0.53,0.31,0.67,0.7,0.77,0.34,0.66,0.46,0.49,DST_089_M_NUT.csv
0.67,0.49,0.52,0.5,0.44,0.84,0.45,0.31,0.41,0.4,0.79,0.91,0.45,0.56,0.26,0.32,0.52,DST_146_F_SAD.csv
0.54,0.48,0.72,0.81,0.44,0.64,0.46,0.35,0.36,0.24,0.96,0.98,0.82,0.71,0.2,0.23,0.23,DST_133_F_ANG.csv
0.89,0.97,0.41,0.98,0.41,0.2,0.33,0.38,0.51,0.11,0.79,0.52,0.36,0.41,0.9,0.65,0.31,DST_056_M_SUR.csv
0.74,0.74,0.53,0.43,0.42,0.52,0.27,0.38,0.54,0.65,0.64,0.58,0.74,0.52,0.46,0.39,0.48,DST_065_F_NUT.csv
0.44,0.48,0.67,0.81,0.42,0.4,0.46,0.49,0.38,0.75,0.84,0.89,0.79,0.61,0.18,0.49,0.22,DST_177_F_ANG.csv
0.72,0.65,0.41,0.62,0.88,0.78,0.42,0.84,0.98,0.82,0.41,0.66,0.57,0.63,0.63,0.58,0.25,DST_077_M_HPY.csv
0.87,0.94,0.14,0.97,0.36,0.52,0.14,0.17,0.46,0.64,0.51,0.72,0.85,0.64,0.32,0.5,0.15,DST_149_F_FER.csv
0.78,0.22,0.99,0.28,0.59,0.81,0.35,0.46,0.47,0.66,0.9,0.92,0.92,0.41,0.59,0.46,0.55,DST_097_M_SAD.csv
0.59,0.69,0.18,0.77,0.48,0.2,0.57,0.39,0.65,0.51,0.53,0.55,0.78,0.55,0.39,0.42,0.39,DST_042_F_NUT.csv
0.95,0.99,0.42,0.99,0.43,0.29,0.3,0.16,0.55,0.56,0.66,0.82,0.92,0.7,0.61,0.63,0.42,DST_098_M_FER.csv
0.92,0.97,0.11,0.94,0.68,0.33,0.09,0.32,0.94,0.73,0.54,0.57,0.85,0.68,0.39,0.14,0.23,DST_064_M_FER.csv
0.56,0.38,0.73,0.78,0.87,0.98,0.94,0.84,0.49,0.33,0.76,0.93,0.24,0.49,0.41,0.29,0.44,DST_142_F_DIS.csv
0.94,0.99,0.6,0.99,0.37,0.3,0.36,0.55,0.47,0.18,0.84,0.94,0.87,0.51,0.7,0.67,0.3,DST_012_M_FER.csv
0.8,0.56,0.68,0.96,0.46,0.56,0.27,0.29,0.41,0.57,0.84,0.9,0.79,0.57,0.27,0.71,0.21,DST_136_F_FER.csv
0.47,0.59,0.44,0.69,0.82,0.85,0.51,0.67,0.85,0.46,0.31,0.79,0.69,0.7,0.43,0.14,0.39,DST_068_M_HPY.csv
0.51,0.62,0.48,0.86,0.56,0.16,0.28,0.49,0.54,0.46,0.52,0.68,0.69,0.5,0.48,0.42,0.29,DST_047_M_NUT.csv
0.4,0.63,0.22,0.74,0.95,0.88,0.48,0.82,0.98,0.79,0.2,0.58,0.43,0.62,0.59,0.5,0.41,DST_036_F_HPY.csv
0.78,0.42,0.79,0.35,0.45,0.51,0.35,0.36,0.47,0.72,0.49,0.78,0.74,0.57,0.58,0.43,0.42,DST_183_F_SAD.csv
0.46,0.61,0.9,0.59,0.91,0.96,0.93,0.91,0.6,0.68,0.81,0.94,0.27,0.6,0.34,0.44,0.34,DST_043_M_DIS.csv
0.47,0.27,0.84,0.24,0.69,0.92,0.79,0.46,0.53,0.79,0.7,0.66,0.52,0.5,0.4,0.56,0.68,DST_024_F_NUT.csv
0.89,0.97,0.4,0.99,0.19,0.19,0.21,0.23,0.35,0.19,0.42,0.51,0.37,0.41,0.81,0.86,0.33,DST_157_F_SUR.csv
0.89,0.97,0.49,0.99,0.23,0.61,0.15,0.18,0.29,0.06,0.5,0.69,0.22,0.63,0.56,0.54,0.34,DST_149_F_SUR.csv
0.9,0.93,0.76,0.98,0.37,0.48,0.44,0.34,0.39,0.13,0.64,0.78,0.3,0.44,0.68,0.93,0.39,DST_120_M_SUR.csv
0.82,0.88,0.47,0.99,0.3,0.33,0.41,0.42,0.44,0.11,0.4,0.76,0.31,0.49,0.67,0.83,0.35,DST_010_M_SUR.csv
0.49,0.49,0.55,0.64,0.47,0.63,0.64,0.53,0.51,0.48,0.7,0.83,0.73,0.51,0.48,0.46,0.58,DST_122_M_NUT.csv
0.93,0.98,0.27,0.98,0.37,0.35,0.26,0.21,0.57,0.23,0.49,0.64,0.34,0.36,0.74,0.92,0.3,DST_064_M_SUR.csv
0.63,0.43,0.23,0.41,0.76,0.66,0.38,0.77,0.96,0.86,0.33,0.45,0.8,0.57,0.66,0.37,0.44,DST_174_F_HPY.csv
0.93,0.99,0.54,1.0,0.37,0.39,0.3,0.19,0.56,0.43,0.66,0.55,0.65,0.64,0.77,0.9,0.46,DST_110_M_SUR.csv
0.66,0.47,0.61,0.6,0.31,0.41,0.23,0.46,0.36,0.7,0.78,0.85,0.71,0.55,0.26,0.31,0.51,DST_162_F_SAD.csv
0.5,0.38,0.91,0.56,0.69,0.76,0.55,0.64,0.65,0.53,0.71,0.94,0.78,0.71,0.29,0.7,0.37,DST_120_M_ANG.csv
0.45,0.6,0.69,0.66,0.93,0.86,0.8,0.82,0.93,0.87,0.3,0.71,0.36,0.71,0.66,0.36,0.38,DST_163_F_HPY.csv
0.63,0.54,0.86,0.39,0.65,0.71,0.81,0.6,0.39,0.47,0.6,0.71,0.56,0.57,0.36,0.27,0.35,DST_013_M_ANG.csv
0.85,0.75,0.38,0.58,0.94,0.31,0.64,0.91,0.97,0.98,0.68,0.85,0.79,0.44,0.57,0.17,0.51,DST_016_M_HPY.csv
0.93,0.98,0.26,0.98,0.47,0.12,0.26,0.38,0.63,0.76,0.67,0.74,0.87,0.46,0.66,0.28,0.25,DST_040_F_FER.csv
0.89,0.65,0.83,0.5,0.73,0.85,0.51,0.65,0.84,0.83,0.61,0.96,0.67,0.77,0.32,0.71,0.4,DST_088_M_ANG.csv
0.73,0.59,0.2,0.4,0.9,0.75,0.69,0.95,0.92,0.92,0.52,0.86,0.71,0.61,0.68,0.32,0.5,DST_041_M_HPY.csv
0.54,0.2,0.69,0.59,0.46,0.57,0.26,0.31,0.47,0.59,0.67,0.85,0.87,0.76,0.2,0.27,0.35,DST_171_F_ANG.csv
0.39,0.66,0.32,0.67,0.9,0.74,0.72,0.86,0.93,0.85,0.34,0.6,0.63,0.66,0.54,0.28,0.37,DST_043_M_HPY.csv
0.77,0.41,0.89,0.49,0.53,0.78,0.64,0.73,0.61,0.81,0.89,0.89,0.82,0.59,0.4,0.57,0.38,DST_174_F_SAD.csv
0.71,0.56,0.89,0.89,0.73,0.73,0.73,0.76,0.57,0.71,0.82,0.93,0.83,0.74,0.22,0.42,0.13,DST_084_M_ANG.csv
0.36,0.48,0.72,0.36,0.65,0.64,0.6,0.38,0.51,0.63,0.93,0.77,0.94,0.49,0.45,0.33,0.61,DST_129_F_SAD.csv
0.45,0.58,0.37,0.72,0.84,0.82,0.56,0.78,0.95,0.88,0.46,0.51,0.47,0.65,0.71,0.47,0.24,DST_161_F_HPY.csv
0.72,0.7,0.42,0.7,0.79,0.56,0.29,0.7,0.95,0.95,0.31,0.81,0.7,0.6,0.43,0.41,0.52,DST_046_F_HPY.csv
0.49,0.63,0.46,0.42,0.42,0.27,0.46,0.28,0.47,0.69,0.62,0.54,0.83,0.66,0.32,0.43,0.57,DST_129_F_NUT.csv
0.7,0.38,0.47,0.64,0.9,0.88,0.34,0.76,0.97,0.82,0.27,0.66,0.59,0.66,0.44,0.3,0.25,DST_084_M_HPY.csv
0.73,0.89,0.37,0.84,0.31,0.21,0.36,0.39,0.42,0.34,0.48,0.48,0.45,0.48,0.5,0.43,0.44,DST_036_F_NUT.csv
0.6,0.19,0.94,0.29,0.67,0.76,0.53,0.42,0.46,0.6,0.75,0.85,0.8,0.34,0.5,0.21,0.32,DST_114_M_SAD.csv
0.69,0.68,0.74,0.53,0.38,0.49,0.46,0.52,0.38,0.44,0.89,0.87,0.45,0.51,0.37,0.35,0.62,DST_157_F_SAD.csv
0.28,0.21,0.71,0.73,0.5,0.86,0.53,0.49,0.42,0.71,0.83,0.92,0.84,0.77,0.19,0.53,0.27,DST_128_F_ANG.csv
0.51,0.71,0.53,0.94,0.55,0.44,0.28,0.57,0.64,0.49,0.59,0.89,0.69,0.78,0.48,0.7,0.22,DST_124_F_ANG.csv
0.53,0.54,0.57,0.62,0.86,0.9,0.68,0.89,0.88,0.75,0.46,0.8,0.78,0.62,0.6,0.21,0.53,DST_122_M_HPY.csv
0.56,0.57,0.44,0.54,0.42,0.62,0.34,0.29,0.5,0.39,0.46,0.48,0.35,0.48,0.44,0.44,0.48,DST_027_F_NUT.csv
0.63,0.37,0.48,0.55,0.49,0.43,0.5,0.44,0.45,0.56,0.79,0.7,0.86,0.43,0.41,0.31,0.43,DST_051_M_NUT.csv
0.88,0.62,0.88,0.63,0.49,0.55,0.31,0.55,0.71,0.81,0.54,0.91,0.7,0.82,0.38,0.91,0.5,DST_015_M_ANG.csv
0.51,0.66,0.67,0.75,0.49,0.26,0.42,0.68,0.47,0.49,0.36,0.7,0.6,0.5,0.53,0.28,0.35,DST_031_M_NUT.csv
0.43,0.38,0.24,0.73,0.81,0.94,0.41,0.6,0.89,0.82,0.63,0.5,0.84,0.69,0.4,0.39,0.37,DST_133_F_HPY.csv
0.46,0.27,0.91,0.2,0.8,0.98,0.87,0.73,0.48,0.67,0.88,0.93,0.68,0.66,0.27,0.58,0.58,DST_096_M_DIS.csv
0.57,0.66,0.53,0.63,0.4,0.66,0.55,0.13,0.31,0.49,0.4,0.55,0.62,0.64,0.33,0.22,0.34,DST_173_F_NUT.csv
0.58,0.63,0.32,0.65,0.49,0.48,0.57,0.47,0.62,0.64,0.52,0.62,0.6,0.44,0.56,0.59,0.32,DST_077_M_NUT.csv
0.61,0.62,0.47,0.75,0.45,0.44,0.47,0.43,0.51,0.49,0.36,0.49,0.41,0.53,0.3,0.17,0.21,DST_032_F_NUT.csv
0.93,0.99,0.5,0.99,0.52,0.57,0.27,0.25,0.57,0.3,0.49,0.85,0.75,0.63,0.68,0.77,0.42,DST_030_M_FER.csv
0.49,0.23,0.54,0.44,0.89,0.91,0.5,0.67,0.96,0.81,0.38,0.61,0.67,0.7,0.52,0.46,0.42,DST_119_M_HPY.csv
0.26,0.36,0.54,0.63,0.74,0.94,0.92,0.46,0.29,0.24,0.7,0.88,0.32,0.66,0.31,0.29,0.52,DST_149_F_DIS.csv
0.48,0.54,0.34,0.7,0.45,0.59,0.3,0.2,0.36,0.47,0.71,0.79,0.66,0.64,0.26,0.27,0.47,DST_149_F_NUT.csv
0.44,0.56,0.54,0.43,0.72,0.67,0.56,0.44,0.55,0.66,0.76,0.8,0.9,0.69,0.53,0.74,0.43,DST_108_M_NUT.csv
0.68,0.39,0.88,0.46,0.82,0.94,0.67,0.71,0.75,0.74,0.7,0.91,0.61,0.77,0.59,0.6,0.27,DST_161_F_SAD.csv
0.5,0.61,0.54,0.56,0.65,0.62,0.68,0.59,0.56,0.35,0.66,0.74,0.73,0.58,0.56,0.55,0.43,DST_020_M_NUT.csv
0.57,0.41,0.65,0.46,0.66,0.57,0.58,0.52,0.69,0.59,0.62,0.65,0.55,0.55,0.49,0.58,0.35,DST_093_M_NUT.csv
0.6,0.78,0.5,0.76,0.49,0.53,0.61,0.34,0.42,0.23,0.59,0.76,0.86,0.6,0.38,0.52,0.39,DST_068_M_NUT.csv
0.55,0.64,0.86,0.48,0.8,0.98,0.82,0.57,0.74,0.79,0.67,0.94,0.79,0.84,0.46,0.75,0.51,DST_089_M_ANG.csv
0.6,0.47,0.75,0.31,0.72,0.87,0.69,0.69,0.56,0.66,0.8,0.89,0.56,0.53,0.46,0.7,0.44,DST_077_M_SAD.csv
0.65,0.55,0.89,0.56,0.8,0.96,0.91,0.57,0.6,0.33,0.79,0.92,0.65,0.79,0.57,0.52,0.37,DST_110_M_DIS.csv
0.28,0.43,0.39,0.57,0.86,0.87,0.63,0.81,0.94,0.81,0.56,0.75,0.76,0.66,0.53,0.56,0.38,DST_105_M_HPY.csv
0.98,1.0,0.47,0.99,0.3,0.11,0.15,0.36,0.67,0.39,0.46,0.48,0.28,0.53,0.74,0.86,0.4,DST_015_M_SUR.csv
0.91,0.97,0.43,0.71,0.46,0.31,0.43,0.5,0.51,0.76,0.46,0.55,0.76,0.42,0.64,0.25,0.51,DST_167_F_FER.csv
0.37,0.23,0.71,0.53,0.83,0.99,0.91,0.69,0.43,0.55,0.7,0.88,0.7,0.51,0.5,0.43,0.43,DST_147_F_DIS.csv
0.85,0.97,0.63,0.98,0.33,0.48,0.42,0.3,0.43,0.07,0.53,0.67,0.15,0.31,0.87,0.74,0.2,DST_114_M_SUR.csv
0.3,0.39,0.37,0.56,0.52,0.59,0.55,0.42,0.63,0.65,0.7,0.75,0.81,0.6,0.38,0.64,0.37,DST_105_M_NUT.csv
0.89,0.7,0.72,0.59,0.4,0.73,0.55,0.51,0.44,0.13,0.81,0.86,0.49,0.49,0.51,0.44,0.46,DST_079_M_NUT.csv
0.51,0.42,0.56,0.57,0.6,0.67,0.45,0.42,0.54,0.58,0.82,0.67,0.79,0.49,0.56,0.41,0.33,DST_056_M_NUT.csv
0.64,0.77,0.43,0.74,0.72,0.81,0.93,0.84,0.52,0.8,0.7,0.93,0.28,0.68,0.29,0.76,0.26,DST_022_M_ANG.csv
0.91,0.96,0.55,0.99,0.37,0.52,0.45,0.31,0.54,0.12,0.66,0.59,0.67,0.38,0.87,0.86,0.28,DST_074_M_SUR.csv
0.68,0.65,0.18,0.65,0.64,0.55,0.59,0.31,0.48,0.24,0.83,0.67,0.77,0.42,0.63,0.73,0.48,DST_103_M_NUT.csv
0.53,0.37,0.83,0.75,0.56,0.93,0.61,0.43,0.37,0.39,0.76,0.94,0.74,0.68,0.22,0.67,0.32,DST_185_F_ANG.csv
0.43,0.62,0.93,0.4,0.9,0.85,0.96,0.91,0.63,0.56,0.53,0.91,0.45,0.75,0.62,0.6,0.32,DST_048_M_DIS.csv
0.66,0.59,0.81,0.82,0.79,0.73,0.65,0.61,0.77,0.61,0.67,0.93,0.86,0.68,0.4,0.26,0.23,DST_042_F_ANG.csv
0.54,0.62,0.33,0.87,0.37,0.4,0.4,0.45,0.5,0.43,0.64,0.66,0.46,0.55,0.43,0.44,0.36,DST_009_F_NUT.csv
0.36,0.25,0.82,0.22,0.73,0.87,0.48,0.65,0.77,0.88,0.88,0.95,0.83,0.72,0.18,0.54,0.57,DST_090_M_SAD.csv
0.91,0.99,0.47,0.99,0.44,0.58,0.31,0.4,0.57,0.31,0.28,0.3,0.36,0.51,0.95,0.95,0.45,DST_030_M_SUR.csv
0.83,0.9,0.33,0.65,0.18,0.18,0.31,0.17,0.4,0.59,0.55,0.48,0.29,0.45,0.41,0.5,0.56,DST_176_F_NUT.csv
0.86,0.94,0.49,0.99,0.21,0.53,0.16,0.12,0.31,0.1,0.62,0.56,0.47,0.45,0.67,0.79,0.31,DST_147_F_SUR.csv
0.71,0.23,0.97,0.54,0.8,0.94,0.55,0.67,0.75,0.74,0.8,0.86,0.89,0.34,0.42,0.5,0.44,DST_115_M_SAD.csv
0.33,0.26,0.76,0.52,0.88,0.97,0.96,0.75,0.58,0.26,0.46,0.74,0.23,0.68,0.37,0.32,0.61,DST_118_M_DIS.csv
0.65,0.64,0.39,0.38,0.46,0.52,0.41,0.28,0.51,0.52,0.52,0.58,0.54,0.5,0.41,0.37,0.43,DST_186_F_NUT.csv
0.55,0.34,0.97,0.53,0.89,0.98,0.91,0.93,0.51,0.56,0.96,0.98,0.57,0.55,0.36,0.48,0.28,DST_084_M_DIS.csv
0.42,0.47,0.67,0.22,0.82,0.78,0.97,0.87,0.41,0.53,0.58,0.83,0.7,0.57,0.61,0.36,0.36,DST_012_M_DIS.csv
0.77,0.44,0.82,0.71,0.78,0.73,0.72,0.84,0.73,0.83,0.67,0.88,0.74,0.63,0.32,0.53,0.14,DST_083_M_ANG.csv
0.95,0.71,0.89,0.45,0.36,0.51,0.32,0.28,0.34,0.6,0.84,0.75,0.85,0.5,0.49,0.43,0.57,DST_182_F_SAD.csv
0.9,0.96,0.26,0.97,0.42,0.4,0.24,0.38,0.71,0.81,0.37,0.7,0.85,0.58,0.64,0.45,0.27,DST_183_F_FER.csv
0.95,0.97,0.44,0.99,0.47,0.5,0.16,0.22,0.6,0.39,0.91,0.89,0.98,0.51,0.48,0.22,0.2,DST_097_M_FER.csv
0.45,0.38,0.71,0.6,0.66,0.95,0.95,0.58,0.45,0.52,0.65,0.78,0.29,0.5,0.4,0.34,0.4,DST_025_F_DIS.csv
0.69,0.75,0.43,0.52,0.94,0.98,0.97,0.89,0.61,0.49,0.77,0.92,0.64,0.48,0.65,0.67,0.66,DST_103_M_DIS.csv
0.84,0.98,0.22,0.99,0.3,0.57,0.26,0.23,0.41,0.16,0.37,0.4,0.29,0.31,0.92,0.94,0.28,DST_138_F_SUR.csv
0.72,0.64,0.54,0.82,0.43,0.22,0.43,0.41,0.63,0.69,0.72,0.65,0.62,0.5,0.44,0.29,0.4,DST_017_F_NUT.csv
0.72,0.66,0.42,0.61,0.64,0.21,0.65,0.72,0.8,0.6,0.65,0.64,0.69,0.53,0.74,0.55,0.35,DST_116_M_NUT.csv
0.79,0.85,0.36,0.89,0.36,0.57,0.64,0.44,0.4,0.5,0.85,0.6,0.81,0.55,0.44,0.48,0.43,DST_023_F_FER.csv
0.79,0.63,0.86,0.8,0.61,0.61,0.55,0.84,0.56,0.46,0.81,0.84,0.77,0.35,0.85,0.49,0.35,DST_036_F_SAD.csv
0.62,0.61,0.94,0.63,0.86,0.98,0.98,0.88,0.49,0.35,0.65,0.94,0.62,0.62,0.43,0.23,0.38,DST_068_M_DIS.csv
0.92,0.97,0.26,0.98,0.37,0.4,0.11,0.2,0.34,0.23,0.6,0.77,0.85,0.58,0.65,0.63,0.36,DST_124_F_FER.csv
0.8,0.58,0.88,0.5,0.85,0.97,0.67,0.71,0.61,0.41,0.91,0.91,0.82,0.54,0.58,0.72,0.6,DST_103_M_SAD.csv
0.6,0.63,0.42,0.6,0.92,0.68,0.64,0.9,0.94,0.66,0.7,0.89,0.63,0.76,0.64,0.3,0.42,DST_018_M_HPY.csv
0.8,0.43,0.93,0.34,0.6,0.9,0.64,0.62,0.47,0.45,0.95,0.97,0.82,0.61,0.39,0.54,0.6,DST_118_M_SAD.csv
0.43,0.23,0.84,0.2,0.86,0.96,0.87,0.86,0.66,0.31,0.58,0.75,0.49,0.63,0.55,0.61,0.31,DST_047_M_DIS.csv
0.79,0.81,0.47,0.7,0.32,0.29,0.54,0.58,0.46,0.66,0.44,0.54,0.61,0.46,0.4,0.17,0.62,DST_167_F_NUT.csv
0.66,0.47,0.82,0.7,0.47,0.28,0.62,0.46,0.59,0.88,0.34,0.64,0.52,0.66,0.37,0.44,0.29,DST_159_F_ANG.csv
0.72,0.59,0.98,0.35,0.59,0.97,0.81,0.42,0.5,0.22,0.95,0.94,0.68,0.56,0.54,0.44,0.65,DST_079_M_SAD.csv
0.61,0.33,0.39,0.52,0.94,0.9,0.62,0.78,0.94,0.92,0.61,0.68,0.76,0.59,0.65,0.26,0.45,DST_002_F_HPY.csv
0.4,0.52,0.34,0.58,0.36,0.6,0.37,0.29,0.59,0.61,0.58,0.58,0.6,0.54,0.4,0.58,0.5,DST_185_F_NUT.csv
0.81,0.91,0.32,1.0,0.37,0.43,0.08,0.18,0.51,0.42,0.48,0.49,0.96,0.44,0.7,0.56,0.22,DST_147_F_FER.csv
0.76,0.43,0.85,0.31,0.62,0.58,0.74,0.74,0.6,0.89,0.41,0.93,0.71,0.76,0.29,0.63,0.57,DST_167_F_ANG.csv
0.42,0.41,0.61,0.7,0.37,0.75,0.42,0.31,0.4,0.46,0.61,0.6,0.43,0.55,0.39,0.24,0.46,DST_126_F_NUT.csv
0.85,0.97,0.49,1.0,0.24,0.35,0.5,0.41,0.33,0.12,0.48,0.66,0.61,0.49,0.7,0.85,0.21,DST_130_F_SUR.csv
0.5,0.58,0.29,0.85,0.44,0.42,0.4,0.38,0.53,0.55,0.56,0.54,0.57,0.64,0.55,0.49,0.38,DST_161_F_NUT.csv
0.54,0.42,0.77,0.4,0.41,0.27,0.42,0.47,0.41,0.6,0.63,0.75,0.58,0.44,0.6,0.14,0.62,DST_158_F_SAD.csv
0.91,0.97,0.42,0.99,0.26,0.31,0.24,0.15,0.41,0.64,0.7,0.66,0.92,0.54,0.53,0.41,0.14,DST_182_F_FER.csv
0.64,0.38,0.94,0.32,0.77,0.92,0.8,0.9,0.57,0.62,0.88,0.9,0.69,0.6,0.49,0.58,0.46,DST_186_F_SAD.csv
0.96,0.98,0.18,0.97,0.36,0.52,0.19,0.3,0.77,0.83,0.71,0.94,0.9,0.62,0.43,0.59,0.34,DST_176_F_FER.csv
0.87,0.98,0.54,0.99,0.48,0.28,0.61,0.57,0.49,0.39,0.17,0.54,0.43,0.44,0.88,0.84,0.31,DST_163_F_SUR.csv
0.19,0.33,0.82,0.32,0.78,0.78,0.84,0.82,0.42,0.88,0.8,0.96,0.77,0.8,0.31,0.66,0.18,DST_026_M_ANG.csv
0.33,0.44,0.74,0.47,0.83,0.97,0.97,0.87,0.45,0.59,0.86,0.9,0.37,0.54,0.41,0.4,0.44,DST_177_F_DIS.csv
0.82,0.82,0.6,0.67,0.36,0.24,0.38,0.38,0.49,0.64,0.51,0.64,0.61,0.51,0.43,0.46,0.6,DST_046_F_NUT.csv
0.42,0.36,0.26,0.56,0.26,0.55,0.46,0.19,0.34,0.55,0.64,0.51,0.46,0.51,0.25,0.19,0.3,DST_135_F_NUT.csv
0.47,0.5,0.21,0.54,0.92,0.92,0.7,0.72,0.93,0.9,0.76,0.72,0.86,0.73,0.61,0.41,0.44,DST_103_M_HPY.csv
0.96,0.99,0.62,0.99,0.31,0.26,0.53,0.28,0.53,0.28,0.75,0.76,0.13,0.51,0.9,0.69,0.38,DST_016_M_SUR.csv
0.46,0.46,0.18,0.5,0.79,0.48,0.2,0.73,0.95,0.91,0.27,0.71,0.79,0.63,0.65,0.41,0.4,DST_162_F_HPY.csv
0.33,0.35,0.49,0.38,0.89,0.88,0.81,0.88,0.89,0.93,0.63,0.79,0.66,0.49,0.49,0.53,0.44,DST_023_F_HPY.csv
0.91,0.97,0.68,0.98,0.39,0.59,0.49,0.47,0.5,0.4,0.39,0.62,0.41,0.6,0.76,0.88,0.47,DST_012_M_SUR.csv
0.92,0.98,0.63,0.99,0.45,0.41,0.28,0.59,0.52,0.26,0.55,0.44,0.69,0.47,0.92,0.85,0.28,DST_047_M_SUR.csv
0.55,0.61,0.92,0.72,0.76,0.75,0.73,0.79,0.59,0.58,0.8,0.97,0.83,0.84,0.32,0.64,0.26,DST_020_M_ANG.csv
0.54,0.62,0.6,0.5,0.59,0.48,0.72,0.4,0.61,0.4,0.69,0.73,0.42,0.56,0.42,0.37,0.35,DST_086_M_NUT.csv
0.97,0.99,0.11,0.99,0.45,0.26,0.47,0.35,0.64,0.17,0.69,0.47,0.46,0.47,0.88,0.9,0.43,DST_103_M_SUR.csv
0.48,0.61,0.28,0.58,0.86,0.76,0.43,0.79,0.97,0.9,0.3,0.63,0.57,0.5,0.63,0.25,0.6,DST_157_F_HPY.csv
0.9,0.91,0.42,0.99,0.47,0.32,0.25,0.55,0.59,0.38,0.86,0.51,0.93,0.29,0.52,0.31,0.17,DST_002_F_FER.csv
0.92,0.92,0.3,0.95,0.43,0.43,0.15,0.27,0.68,0.55,0.77,0.53,0.87,0.46,0.58,0.17,0.17,DST_090_M_FER.csv
0.97,0.99,0.46,0.97,0.4,0.49,0.3,0.56,0.53,0.33,0.35,0.35,0.49,0.52,0.79,0.86,0.38,DST_031_M_SUR.csv
0.53,0.35,0.92,0.64,0.62,0.87,0.7,0.75,0.61,0.92,0.71,0.92,0.94,0.77,0.53,0.52,0.22,DST_029_F_ANG.csv
0.56,0.44,0.91,0.62,0.61,0.72,0.63,0.63,0.51,0.72,0.23,0.8,0.39,0.68,0.19,0.29,0.27,DST_032_F_ANG.csv
0.59,0.63,0.42,0.81,0.79,0.89,0.57,0.66,0.86,0.73,0.44,0.64,0.5,0.63,0.43,0.26,0.38,DST_099_M_HPY.csv
0.91,0.97,0.48,0.98,0.32,0.15,0.3,0.34,0.5,0.68,0.67,0.75,0.72,0.42,0.57,0.44,0.19,DST_159_F_FER.csv
0.38,0.27,0.96,0.37,0.86,0.99,0.96,0.75,0.44,0.23,0.52,0.86,0.36,0.71,0.45,0.35,0.45,DST_098_M_DIS.csv
0.85,0.92,0.28,0.98,0.36,0.41,0.21,0.29,0.48,0.4,0.78,0.74,0.91,0.47,0.32,0.31,0.17,DST_026_M_FER.csv
0.57,0.33,0.82,0.22,0.98,0.99,0.98,0.97,0.8,0.91,0.81,0.94,0.68,0.51,0.59,0.55,0.29,DST_097_M_DIS.csv
0.66,0.42,0.71,0.68,0.53,0.53,0.37,0.26,0.62,0.49,0.64,0.57,0.7,0.3,0.35,0.39,0.28,DST_115_M_NUT.csv
0.71,0.84,0.45,0.69,0.83,0.92,0.84,0.82,0.7,0.26,0.97,0.9,0.65,0.61,0.7,0.13,0.32,DST_056_M_DIS.csv
0.65,0.6,0.46,0.45,0.86,0.73,0.47,0.67,0.95,0.91,0.4,0.7,0.69,0.73,0.48,0.43,0.48,DST_118_M_HPY.csv
0.92,0.35,0.69,0.4,0.7,0.86,0.57,0.78,0.69,0.7,0.83,0.88,0.65,0.44,0.44,0.44,0.37,DST_083_M_SAD.csv
0.88,0.96,0.46,0.99,0.31,0.58,0.37,0.26,0.49,0.18,0.4,0.41,0.39,0.45,0.73,0.71,0.25,DST_090_M_SUR.csv
0.59,0.63,0.33,0.65,0.51,0.31,0.36,0.19,0.68,0.34,0.69,0.66,0.46,0.48,0.36,0.3,0.39,DST_064_M_NUT.csv
0.88,0.99,0.29,0.99,0.39,0.18,0.49,0.64,0.54,0.36,0.34,0.37,0.3,0.49,0.91,0.89,0.39,DST_048_M_SUR.csv
0.89,0.99,0.49,0.99,0.29,0.21,0.29,0.3,0.44,0.2,0.43,0.64,0.46,0.53,0.83,0.93,0.44,DST_046_F_SUR.csv
0.53,0.61,0.7,0.52,0.77,0.62,0.7,0.7,0.57,0.62,0.9,0.95,0.47,0.72,0.42,0.47,0.49,DST_043_M_SAD.csv
0.65,0.35,0.97,0.35,0.62,0.72,0.67,0.64,0.49,0.35,0.79,0.93,0.59,0.53,0.4,0.49,0.48,DST_081_M_SAD.csv
0.86,0.85,0.27,0.93,0.59,0.52,0.31,0.36,0.71,0.73,0.84,0.75,0.98,0.71,0.63,0.55,0.26,DST_074_M_FER.csv
0.94,0.99,0.64,0.97,0.56,0.45,0.48,0.44,0.57,0.28,0.69,0.65,0.44,0.44,0.96,0.95,0.42,DST_108_M_SUR.csv
0.83,0.95,0.13,0.98,0.3,0.35,0.19,0.27,0.41,0.44,0.85,0.55,0.91,0.52,0.3,0.23,0.22,DST_177_F_FER.csv
0.63,0.65,0.95,0.99,0.36,0.6,0.44,0.24,0.28,0.32,0.59,0.89,0.57,0.68,0.14,0.42,0.15,DST_130_F_ANG.csv
0.85,0.7,0.59,0.77,0.74,0.9,0.62,0.82,0.83,0.48,0.87,0.91,0.81,0.6,0.53,0.48,0.42,DST_079_M_HPY.csv
0.93,0.99,0.23,0.99,0.43,0.1,0.18,0.29,0.63,0.8,0.59,0.92,0.9,0.61,0.39,0.44,0.29,DST_046_F_FER.csv
0.81,0.97,0.36,0.99,0.21,0.42,0.44,0.2,0.35,0.13,0.56,0.54,0.31,0.5,0.67,0.85,0.28,DST_129_F_SUR.csv
0.8,0.94,0.27,0.97,0.4,0.3,0.49,0.67,0.58,0.29,0.44,0.54,0.37,0.28,0.79,0.7,0.34,DST_041_M_SUR.csv
0.39,0.36,0.73,0.33,0.81,0.92,0.97,0.85,0.59,0.59,0.42,0.91,0.16,0.68,0.55,0.25,0.39,DST_164_F_DIS.csv
0.42,0.36,0.91,0.37,0.88,0.98,0.98,0.84,0.55,0.62,0.43,0.96,0.33,0.69,0.31,0.46,0.44,DST_023_F_DIS.csv
0.94,0.94,0.15,0.99,0.32,0.4,0.18,0.33,0.72,0.65,0.66,0.54,0.9,0.58,0.56,0.6,0.39,DST_174_F_FER.csv
0.87,0.94,0.43,0.92,0.51,0.32,0.54,0.43,0.52,0.29,0.59,0.49,0.41,0.35,0.92,0.88,0.31,DST_106_M_SUR.csv
0.44,0.42,0.84,0.13,0.94,0.99,0.97,0.97,0.59,0.43,0.32,0.93,0.34,0.66,0.47,0.25,0.52,DST_031_M_DIS.csv
0.8,0.84,0.86,0.79,0.82,0.91,0.95,0.72,0.63,0.84,0.42,0.93,0.72,0.65,0.32,0.85,0.35,DST_046_F_ANG.csv
0.57,0.27,0.93,0.43,0.69,0.84,0.56,0.72,0.63,0.85,0.72,0.98,0.81,0.79,0.21,0.6,0.29,DST_097_M_ANG.csv
0.68,0.32,0.81,0.38,0.91,0.99,0.94,0.89,0.71,0.25,0.28,0.78,0.23,0.66,0.6,0.24,0.5,DST_027_F_DIS.csv
0.5,0.64,0.27,0.92,0.36,0.35,0.38,0.16,0.39,0.43,0.47,0.65,0.54,0.58,0.13,0.33,0.26,DST_025_F_ANG.csv
0.52,0.57,0.79,0.69,0.52,0.49,0.39,0.39,0.36,0.21,0.71,0.78,0.47,0.48,0.43,0.69,0.43,DST_030_M_NUT.csv
0.93,0.98,0.37,0.98,0.52,0.42,0.47,0.49,0.64,0.45,0.53,0.47,0.5,0.32,0.94,0.88,0.18,DST_077_M_SUR.csv
0.91,0.25,0.95,0.32,0.64,0.93,0.42,0.72,0.69,0.85,0.72,0.76,0.82,0.54,0.58,0.62,0.58,DST_065_F_SAD.csv
0.54,0.44,0.93,0.66,0.75,0.82,0.67,0.56,0.56,0.42,0.51,0.72,0.96,0.59,0.73,0.39,0.46,DST_068_M_SAD.csv
0.62,0.47,0.63,0.78,0.59,0.48,0.54,0.29,0.63,0.39,0.73,0.56,0.77,0.53,0.61,0.38,0.37,DST_071_M_NUT.csv
0.49,0.52,0.88,0.62,0.53,0.72,0.79,0.51,0.5,0.61,0.43,0.94,0.22,0.67,0.11,0.69,0.27,DST_023_F_ANG.csv
0.22,0.39,0.64,0.76,0.62,0.61,0.62,0.55,0.57,0.78,0.56,0.92,0.63,0.78,0.15,0.25,0.1,DST_137_F_ANG.csv
0.24,0.32,0.35,0.56,0.94,0.87,0.73,0.86,0.94,0.8,0.46,0.47,0.64,0.56,0.52,0.11,0.32,DST_137_F_HPY.csv
0.39,0.36,0.63,0.61,0.9,0.83,0.55,0.92,0.93,0.8,0.7,0.85,0.62,0.66,0.51,0.49,0.36,DST_120_M_HPY.csv
0.78,0.78,0.55,0.6,0.43,0.11,0.41,0.38,0.66,0.93,0.78,0.81,0.87,0.48,0.38,0.37,0.48,DST_016_M_NUT.csv
0.9,0.98,0.18,0.97,0.47,0.4,0.26,0.36,0.75,0.75,0.5,0.77,0.76,0.67,0.57,0.44,0.22,DST_161_F_FER.csv
0.67,0.49,0.28,0.51,0.95,0.5,0.57,0.91,0.98,0.95,0.49,0.52,0.65,0.61,0.56,0.4,0.41,DST_017_F_HPY.csv
0.91,0.97,0.47,0.89,0.5,0.38,0.42,0.7,0.64,0.25,0.93,0.85,0.72,0.32,0.39,0.42,0.22,DST_118_M_FER.csv
0.68,0.57,0.92,0.53,0.84,0.99,0.96,0.72,0.38,0.57,0.44,0.91,0.35,0.7,0.35,0.48,0.53,DST_173_F_DIS.csv
0.36,0.32,0.28,0.36,0.93,0.91,0.54,0.73,0.94,0.91,0.64,0.55,0.88,0.61,0.42,0.37,0.56,DST_177_F_HPY.csv
0.76,0.62,0.9,0.63,0.38,0.41,0.72,0.65,0.38,0.76,0.79,0.81,0.66,0.51,0.37,0.37,0.51,DST_159_F_SAD.csv
0.58,0.39,0.9,0.66,0.5,0.53,0.39,0.6,0.54,0.8,0.64,0.92,0.62,0.68,0.31,0.7,0.3,DST_009_F_ANG.csv
0.38,0.18,0.93,0.23,0.86,0.97,0.96,0.84,0.51,0.69,0.68,0.95,0.39,0.71,0.3,0.41,0.38,DST_114_M_DIS.csv
0.49,0.54,0.56,0.59,0.94,0.93,0.48,0.84,0.96,0.83,0.62,0.66,0.82,0.52,0.63,0.48,0.74,DST_142_F_HPY.csv
0.79,0.88,0.22,0.98,0.73,0.35,0.29,0.75,0.94,0.79,0.57,0.76,0.88,0.64,0.56,0.24,0.18,DST_137_F_FER.csv
0.45,0.51,0.83,0.8,0.58,0.63,0.64,0.6,0.38,0.47,0.84,0.86,0.75,0.62,0.38,0.68,0.34,DST_042_F_SAD.csv
0.45,0.36,0.92,0.51,0.85,0.99,0.97,0.69,0.57,0.66,0.49,0.63,0.34,0.7,0.62,0.66,0.71,DST_176_F_DIS.csv
0.92,0.98,0.23,1.0,0.22,0.27,0.22,0.39,0.44,0.1,0.45,0.19,0.16,0.58,0.74,0.85,0.44,DST_022_M_SUR.csv
0.52,0.42,0.55,0.45,0.89,0.97,0.95,0.92,0.68,0.54,0.53,0.85,0.2,0.62,0.61,0.3,0.35,DST_009_F_DIS.csv
0.37,0.45,0.21,0.29,0.87,0.65,0.35,0.84,0.93,0.89,0.48,0.56,0.67,0.54,0.65,0.43,0.33,DST_138_F_HPY.csv
0.92,0.99,0.5,0.99,0.23,0.2,0.48,0.55,0.48,0.42,0.4,0.57,0.38,0.53,0.86,0.94,0.36,DST_164_F_SUR.csv
0.81,0.63,0.56,0.69,0.83,0.78,0.4,0.87,0.79,0.93,0.96,0.96,0.97,0.82,0.38,0.41,0.27,DST_056_M_ANG.csv
0.82,0.94,0.15,0.96,0.31,0.17,0.14,0.11,0.46,0.64,0.58,0.71,0.89,0.58,0.16,0.21,0.32,DST_025_F_FER.csv
0.95,0.97,0.35,0.98,0.69,0.46,0.31,0.42,0.81,0.49,0.8,0.66,0.96,0.67,0.64,0.19,0.3,DST_071_M_FER.csv
0.64,0.49,0.57,0.46,0.49,0.51,0.53,0.53,0.42,0.59,0.77,0.92,0.86,0.45,0.48,0.56,0.55,DST_012_M_SAD.csv
0.43,0.58,0.49,0.58,0.94,0.89,0.59,0.87,0.97,0.86,0.35,0.48,0.44,0.58,0.76,0.24,0.48,DST_088_M_HPY.csv
0.62,0.6,0.23,0.74,0.4,0.5,0.29,0.18,0.43,0.41,0.74,0.51,0.71,0.55,0.29,0.37,0.37,DST_133_F_NUT.csv
0.92,0.95,0.34,1.0,0.12,0.43,0.2,0.16,0.23,0.03,0.51,0.58,0.16,0.49,0.84,0.84,0.44,DST_174_F_SUR.csv
0.75,0.74,0.57,0.42,0.6,0.44,0.46,0.4,0.63,0.7,0.64,0.86,0.87,0.45,0.72,0.47,0.62,DST_046_F_SAD.csv
0.63,0.69,0.9,0.47,0.65,0.87,0.86,0.63,0.49,0.48,0.62,0.95,0.59,0.82,0.3,0.61,0.32,DST_079_M_ANG.csv
0.66,0.62,0.4,0.59,0.62,0.35,0.45,0.63,0.9,0.95,0.25,0.66,0.8,0.63,0.47,0.64,0.57,DST_167_F_HPY.csv
0.58,0.26,0.81,0.39,0.98,0.97,0.99,0.98,0.86,0.91,0.56,0.86,0.56,0.8,0.76,0.64,0.5,DST_116_M_DIS.csv
0.88,0.75,0.4,0.53,0.86,0.7,0.75,0.88,0.86,0.92,0.58,0.69,0.83,0.43,0.86,0.69,0.46,DST_005_F_DIS.csv
0.37,0.28,0.42,0.51,0.96,0.92,0.54,0.84,0.95,0.92,0.46,0.79,0.59,0.73,0.25,0.15,0.39,DST_145_F_HPY.csv
0.92,0.97,0.64,0.96,0.31,0.49,0.41,0.26,0.35,0.15,0.56,0.61,0.31,0.31,0.91,0.65,0.28,DST_119_M_SUR.csv
0.89,0.96,0.21,1.0,0.26,0.45,0.23,0.34,0.39,0.22,0.73,0.72,0.68,0.43,0.59,0.36,0.17,DST_178_F_FER.csv
0.91,0.99,0.4,0.99,0.59,0.53,0.41,0.21,0.51,0.42,0.57,0.56,0.93,0.61,0.73,0.63,0.24,DST_068_M_FER.csv
0.69,0.41,0.68,0.54,0.52,0.8,0.32,0.3,0.44,0.39,0.93,0.93,0.92,0.74,0.36,0.52,0.44,DST_133_F_SAD.csv
0.46,0.33,0.89,0.35,0.69,0.9,0.59,0.59,0.53,0.67,0.9,0.97,0.75,0.65,0.3,0.76,0.29,DST_096_M_ANG.csv
0.73,0.43,0.95,0.45,0.82,0.79,0.61,0.95,0.75,0.63,0.89,0.98,0.85,0.59,0.4,0.33,0.44,DST_010_M_SAD.csv
0.5,0.32,0.64,0.19,0.73,0.58,0.64,0.69,0.63,0.81,0.61,0.93,0.78,0.79,0.4,0.43,0.25,DST_106_M_ANG.csv
0.34,0.23,0.91,0.19,0.81,0.99,0.97,0.67,0.29,0.2,0.34,0.86,0.23,0.68,0.32,0.49,0.52,DST_178_F_DIS.csv
0.59,0.65,0.73,0.55,0.94,0.94,0.97,0.84,0.66,0.31,0.58,0.76,0.75,0.64,0.73,0.41,0.3,DST_042_F_DIS.csv
0.58,0.39,0.22,0.79,0.75,0.58,0.3,0.39,0.86,0.87,0.67,0.82,0.95,0.69,0.44,0.33,0.34,DST_051_M_HPY.csv
0.94,0.99,0.27,0.99,0.34,0.22,0.18,0.27,0.42,0.36,0.76,0.84,0.79,0.62,0.4,0.4,0.25,DST_099_M_FER.csv
0.71,0.58,0.28,0.52,0.71,0.13,0.26,0.55,0.94,0.97,0.33,0.68,0.87,0.67,0.52,0.38,0.44,DST_005_F_HPY.csv
0.41,0.45,0.43,0.71,0.8,0.82,0.75,0.77,0.83,0.94,0.61,0.88,0.87,0.78,0.48,0.43,0.33,DST_173_F_HPY.csv
0.34,0.27,0.81,0.8,0.46,0.59,0.57,0.41,0.32,0.56,0.91,0.81,0.7,0.56,0.3,0.38,0.31,DST_137_F_SAD.csv
0.57,0.66,0.86,0.78,0.47,0.59,0.47,0.31,0.42,0.5,0.81,0.92,0.64,0.69,0.19,0.49,0.2,DST_064_M_ANG.csv
0.82,0.63,0.71,0.56,0.54,0.17,0.47,0.63,0.69,0.9,0.55,0.77,0.77,0.45,0.6,0.34,0.42,DST_005_F_NUT.csv
0.56,0.59,0.24,0.45,0.88,0.6,0.42,0.86,0.98,0.92,0.33,0.4,0.61,0.53,0.64,0.33,0.45,DST_040_F_HPY.csv
0.98,1.0,0.42,0.99,0.26,0.55,0.49,0.29,0.46,0.03,0.6,0.82,0.2,0.41,0.67,0.49,0.31,DST_079_M_SUR.csv
0.89,0.98,0.38,0.99,0.26,0.43,0.33,0.23,0.4,0.14,0.39,0.44,0.3,0.41,0.86,0.91,0.34,DST_123_F_SUR.csv
0.88,0.65,0.8,0.99,0.39,0.47,0.22,0.68,0.45,0.58,0.9,0.72,0.39,0.53,0.4,0.47,0.18,DST_027_F_FER.csv
0.86,0.96,0.46,0.97,0.31,0.51,0.35,0.27,0.44,0.2,0.64,0.56,0.43,0.34,0.8,0.9,0.42,DST_081_M_SUR.csv
0.94,0.99,0.15,0.99,0.38,0.42,0.29,0.38,0.53,0.29,0.57,0.65,0.63,0.51,0.62,0.65,0.28,DST_022_M_FER.csv
0.3,0.24,0.58,0.19,0.88,0.98,0.95,0.91,0.63,0.81,0.69,0.81,0.54,0.69,0.41,0.7,0.23,DST_047_M_ANG.csv
0.48,0.51,0.34,0.6,0.33,0.65,0.36,0.22,0.43,0.39,0.81,0.59,0.61,0.52,0.35,0.28,0.51,DST_128_F_NUT.csv
0.4,0.48,0.71,0.65,0.93,0.96,0.98,0.9,0.67,0.78,0.63,0.7,0.45,0.71,0.59,0.43,0.27,DST_161_F_DIS.csv
0.45,0.58,0.31,0.67,0.78,0.63,0.7,0.8,0.89,0.9,0.4,0.77,0.78,0.72,0.47,0.44,0.28,DST_183_F_HPY.csv
0.38,0.2,0.76,0.47,0.46,0.92,0.64,0.35,0.35,0.65,0.84,0.58,0.72,0.43,0.57,0.5,0.42,DST_135_F_SAD.csv
0.44,0.47,0.64,0.54,0.47,0.64,0.75,0.55,0.42,0.61,0.75,0.75,0.37,0.42,0.32,0.39,0.49,DST_023_F_NUT.csv
0.53,0.33,0.98,0.55,0.87,1.0,0.93,0.84,0.47,0.52,0.59,0.93,0.33,0.66,0.44,0.06,0.52,DST_126_F_DIS.csv
0.68,0.68,0.92,0.91,0.66,0.86,0.53,0.59,0.39,0.64,0.8,0.97,0.54,0.85,0.14,0.73,0.2,DST_030_M_ANG.csv
0.6,0.59,0.88,0.54,0.71,0.91,0.84,0.54,0.62,0.5,0.7,0.94,0.66,0.81,0.46,0.73,0.3,DST_110_M_ANG.csv
0.39,0.26,0.69,0.54,0.86,0.96,0.96,0.65,0.63,0.49,0.64,0.7,0.42,0.52,0.45,0.32,0.52,DST_115_M_DIS.csv
0.62,0.65,0.76,0.78,0.33,0.45,0.58,0.29,0.34,0.42,0.61,0.68,0.67,0.53,0.33,0.38,0.55,DST_130_F_NUT.csv
0.96,0.99,0.08,0.98,0.61,0.18,0.33,0.39,0.77,0.26,0.9,0.78,0.88,0.49,0.75,0.58,0.34,DST_103_M_FER.csv
0.9,0.97,0.62,1.0,0.3,0.43,0.35,0.32,0.47,0.27,0.72,0.72,0.62,0.28,0.92,0.84,0.27,DST_097_M_SUR.csv
0.7,0.5,0.81,0.94,0.43,0.74,0.27,0.35,0.4,0.58,0.7,0.92,0.77,0.59,0.28,0.41,0.29,DST_131_F_ANG.csv
0.52,0.75,0.7,0.51,0.84,0.89,0.96,0.84,0.75,0.5,0.44,0.73,0.25,0.58,0.57,0.25,0.27,DST_088_M_DIS.csv
0.86,0.99,0.3,1.0,0.19,0.19,0.27,0.22,0.4,0.16,0.35,0.63,0.35,0.5,0.72,0.79,0.35,DST_183_F_SUR.csv
0.51,0.32,0.92,0.31,0.93,0.92,0.94,0.95,0.73,0.87,0.61,0.94,0.46,0.65,0.42,0.33,0.43,DST_017_F_DIS.csv
0.85,0.89,0.36,0.99,0.19,0.19,0.4,0.35,0.46,0.09,0.42,0.61,0.35,0.34,0.82,0.45,0.28,DST_004_F_SUR.csv
0.96,0.99,0.26,0.99,0.37,0.33,0.31,0.17,0.59,0.3,0.69,0.41,0.57,0.53,0.8,0.89,0.35,DST_071_M_SUR.csv
0.58,0.33,0.88,0.25,0.65,0.92,0.81,0.64,0.47,0.82,0.95,0.92,0.68,0.55,0.34,0.48,0.67,DST_024_F_SAD.csv
0.98,0.99,0.44,0.98,0.35,0.42,0.23,0.22,0.54,0.18,0.87,0.77,0.71,0.39,0.7,0.57,0.24,DST_079_M_FER.csv
0.79,0.46,0.87,0.48,0.79,0.92,0.66,0.54,0.63,0.26,0.86,0.91,0.64,0.58,0.36,0.21,0.45,DST_086_M_SAD.csv
0.37,0.56,0.35,0.58,0.88,0.81,0.74,0.73,0.93,0.86,0.49,0.75,0.86,0.83,0.58,0.4,0.32,DST_020_M_HPY.csv
0.47,0.28,0.54,0.24,0.93,0.95,0.8,0.77,0.93,0.97,0.59,0.75,0.5,0.62,0.46,0.4,0.61,DST_024_F_HPY.csv
0.74,0.24,0.96,0.6,0.69,0.96,0.54,0.47,0.53,0.61,0.87,0.95,0.88,0.56,0.25,0.5,0.51,DST_115_M_ANG.csv
0.79,0.81,0.58,0.72,0.86,0.62,0.31,0.78,0.97,0.89,0.36,0.81,0.56,0.64,0.69,0.35,0.62,DST_015_M_HPY.csv
0.93,0.94,0.6,0.99,0.4,0.15,0.34,0.72,0.73,0.49,0.59,0.71,0.48,0.48,0.91,0.77,0.24,DST_005_F_SUR.csv
0.84,0.95,0.3,0.99,0.28,0.56,0.5,0.34,0.46,0.07,0.5,0.52,0.21,0.54,0.87,0.76,0.29,DST_023_F_SUR.csv
0.6,0.43,0.66,0.17,0.72,0.61,0.75,0.87,0.53,0.47,0.68,0.99,0.71,0.81,0.25,0.53,0.5,DST_041_M_ANG.csv
0.82,0.95,0.29,1.0,0.2,0.45,0.32,0.31,0.39,0.1,0.39,0.67,0.08,0.43,0.82,0.75,0.27,DST_027_F_SUR.csv
0.62,0.65,0.33,0.49,0.67,0.47,0.44,0.51,0.87,0.56,0.22,0.67,0.27,0.58,0.5,0.19,0.49,DST_158_F_HPY.csv
0.68,0.62,0.67,0.53,0.75,0.94,0.91,0.53,0.33,0.3,0.57,0.84,0.24,0.56,0.35,0.57,0.4,DST_138_F_DIS.csv
0.87,0.52,0.89,0.57,0.75,0.41,0.59,0.67,0.67,0.94,0.63,0.92,0.66,0.6,0.35,0.37,0.35,DST_005_F_ANG.csv
0.92,0.98,0.38,0.98,0.28,0.42,0.36,0.33,0.56,0.26,0.58,0.62,0.27,0.44,0.65,0.82,0.37,DST_093_M_SUR.csv
0.56,0.38,0.64,0.48,0.78,0.61,0.54,0.63,0.8,0.9,0.64,0.93,0.66,0.74,0.17,0.54,0.14,DST_093_M_ANG.csv
0.47,0.25,0.95,0.44,0.74,0.82,0.7,0.77,0.48,0.7,0.84,0.92,0.78,0.48,0.77,0.73,0.36,DST_091_M_SAD.csv
0.35,0.19,0.51,0.39,0.93,0.82,0.49,0.83,0.97,0.91,0.45,0.81,0.66,0.6,0.63,0.23,0.35,DST_114_M_HPY.csv
0.35,0.3,0.3,0.51,0.89,0.92,0.54,0.85,0.92,0.85,0.56,0.65,0.88,0.64,0.47,0.09,0.49,DST_128_F_HPY.csv
0.42,0.37,0.8,0.53,0.74,0.8,0.73,0.6,0.64,0.54,0.78,0.96,0.83,0.77,0.37,0.44,0.28,DST_074_M_ANG.csv
0.84,0.93,0.17,0.89,0.63,0.52,0.63,0.93,0.74,0.87,0.85,0.91,0.82,0.5,0.65,0.48,0.3,DST_041_M_FER.csv
0.47,0.4,0.75,0.18,0.79,0.59,0.81,0.68,0.64,0.85,0.63,0.97,0.57,0.77,0.31,0.95,0.31,DST_077_M_ANG.csv
0.82,0.63,0.71,0.89,0.6,0.68,0.46,0.63,0.76,0.78,0.38,0.86,0.66,0.85,0.32,0.54,0.22,DST_065_F_ANG.csv
0.92,0.95,0.19,1.0,0.28,0.56,0.19,0.17,0.38,0.58,0.77,0.76,0.91,0.69,0.38,0.42,0.23,DST_146_F_FER.csv
0.32,0.3,0.89,0.23,0.94,0.99,0.97,0.91,0.71,0.43,0.64,0.95,0.44,0.64,0.51,0.42,0.4,DST_120_M_DIS.csv
0.47,0.4,0.9,0.29,0.94,0.98,0.91,0.9,0.66,0.62,0.57,0.94,0.39,0.8,0.48,0.67,0.46,DST_030_M_DIS.csv
0.57,0.42,0.26,0.41,0.86,0.83,0.68,0.76,0.94,0.9,0.49,0.65,0.74,0.62,0.47,0.55,0.53,DST_022_M_HPY.csv
0.67,0.52,0.31,0.47,0.27,0.43,0.38,0.3,0.54,0.65,0.5,0.68,0.58,0.54,0.39,0.53,0.45,DST_174_F_NUT.csv
0.65,0.53,0.47,0.3,0.97,0.74,0.6,0.9,0.98,0.93,0.63,0.79,0.75,0.72,0.64,0.38,0.48,DST_013_M_HPY.csv
0.92,0.99,0.42,0.95,0.48,0.45,0.48,0.74,0.65,0.41,0.6,0.58,0.44,0.65,0.9,0.86,0.49,DST_020_M_SUR.csv
0.89,0.69,0.89,0.59,0.53,0.54,0.31,0.53,0.51,0.63,0.87,0.76,0.75,0.57,0.5,0.44,0.72,DST_015_M_SAD.csv
0.58,0.4,0.37,0.46,0.59,0.87,0.92,0.44,0.37,0.49,0.52,0.73,0.22,0.6,0.45,0.45,0.51,DST_146_F_DIS.csv
0.59,0.28,0.29,0.46,0.94,0.95,0.5,0.81,0.91,0.95,0.81,0.87,0.9,0.75,0.4,0.25,0.48,DST_056_M_HPY.csv
0.66,0.57,0.86,0.65,0.32,0.66,0.39,0.24,0.57,0.83,0.54,0.81,0.39,0.79,0.24,0.65,0.45,DST_176_F_ANG.csv
0.54,0.21,0.93,0.35,0.95,0.97,0.94,0.96,0.83,0.83,0.64,0.77,0.52,0.62,0.66,0.3,0.41,DST_083_M_DIS.csv
0.48,0.51,0.93,0.27,0.81,0.96,0.89,0.66,0.57,0.31,0.69,0.92,0.47,0.66,0.46,0.48,0.52,DST_079_M_DIS.csv
0.86,0.91,0.36,0.99,0.22,0.15,0.31,0.5,0.45,0.2,0.62,0.67,0.26,0.51,0.78,0.7,0.17,DST_017_F_SUR.csv
0.8,0.36,0.89,0.68,0.66,0.86,0.67,0.75,0.46,0.47,0.93,0.89,0.84,0.48,0.31,0.33,0.3,DST_084_M_SAD.csv
0.88,0.99,0.13,0.99,0.33,0.09,0.28,0.49,0.72,0.06,0.46,0.58,0.56,0.5,0.88,0.9,0.39,DST_042_F_SUR.csv
0.38,0.38,0.47,0.6,0.75,0.98,0.95,0.69,0.48,0.21,0.63,0.48,0.37,0.49,0.67,0.29,0.41,DST_171_F_DIS.csv
0.75,0.8,0.31,0.98,0.56,0.62,0.21,0.54,0.74,0.82,0.81,0.9,0.94,0.74,0.51,0.51,0.24,DST_128_F_FER.csv
0.46,0.33,0.48,0.24,0.57,0.73,0.48,0.48,0.78,0.61,0.54,0.74,0.55,0.51,0.53,0.31,0.35,DST_090_M_NUT.csv
0.85,0.52,0.81,0.39,0.5,0.53,0.57,0.52,0.46,0.86,0.72,0.87,0.87,0.45,0.6,0.4,0.64,DST_167_F_SAD.csv
0.34,0.25,0.76,0.15,0.96,0.98,0.99,0.95,0.64,0.88,0.7,0.87,0.84,0.68,0.7,0.5,0.45,DST_106_M_DIS.csv
0.87,0.94,0.21,0.97,0.34,0.51,0.19,0.31,0.4,0.23,0.72,0.6,0.65,0.44,0.8,0.87,0.37,DST_133_F_SUR.csv
0.95,0.91,0.54,0.98,0.62,0.32,0.29,0.65,0.83,0.93,0.52,0.83,0.9,0.44,0.61,0.54,0.22,DST_005_F_FER.csv
0.57,0.28,0.53,0.19,0.96,0.96,0.91,0.92,0.9,0.9,0.5,0.78,0.35,0.68,0.45,0.49,0.39,DST_093_M_DIS.csv
0.56,0.73,0.33,0.76,0.93,0.87,0.76,0.84,0.94,0.84,0.48,0.84,0.74,0.72,0.68,0.74,0.37,DST_091_M_HPY.csv
0.95,0.99,0.31,0.98,0.57,0.45,0.5,0.34,0.63,0.2,0.57,0.81,0.79,0.64,0.63,0.48,0.19,DST_086_M_FER.csv
0.55,0.79,0.51,0.8,0.89,0.94,0.72,0.6,0.91,0.57,0.53,0.64,0.77,0.66,0.71,0.31,0.43,DST_089_M_HPY.csv
0.87,0.86,0.7,0.98,0.32,0.45,0.37,0.29,0.57,0.32,0.27,0.72,0.43,0.74,0.38,0.73,0.36,DST_036_F_ANG.csv
0.71,0.48,0.87,0.37,0.59,0.87,0.63,0.38,0.53,0.67,0.71,0.9,0.44,0.62,0.38,0.53,0.88,DST_176_F_SAD.csv
0.53,0.43,0.89,0.57,0.54,0.81,0.54,0.84,0.51,0.63,0.91,0.96,0.63,0.65,0.59,0.61,0.46,DST_009_F_SAD.csv
0.51,0.3,0.4,0.31,0.94,0.92,0.52,0.63,0.96,0.83,0.33,0.4,0.6,0.7,0.62,0.48,0.46,DST_093_M_HPY.csv
0.71,0.84,0.26,0.99,0.24,0.31,0.23,0.15,0.27,0.26,0.77,0.49,0.9,0.42,0.56,0.21,0.14,DST_145_F_FER.csv
0.94,0.98,0.29,0.99,0.43,0.52,0.19,0.16,0.49,0.42,0.77,0.65,0.96,0.56,0.61,0.42,0.43,DST_142_F_FER.csv
0.69,0.8,0.52,0.78,0.28,0.16,0.64,0.29,0.39,0.66,0.46,0.5,0.47,0.53,0.42,0.27,0.52,DST_159_F_NUT.csv
0.91,0.49,0.92,0.68,0.91,0.98,0.92,0.86,0.7,0.48,0.76,0.93,0.66,0.32,0.67,0.31,0.53,DST_002_F_DIS.csv
0.55,0.7,0.34,0.75,0.38,0.34,0.44,0.27,0.41,0.63,0.63,0.74,0.67,0.56,0.26,0.39,0.34,DST_183_F_NUT.csv
0.28,0.21,0.41,0.27,0.85,0.68,0.44,0.83,0.97,0.86,0.54,0.65,0.52,0.52,0.78,0.24,0.35,DST_090_M_HPY.csv
0.83,0.86,0.38,0.96,0.25,0.56,0.3,0.19,0.3,0.2,0.54,0.44,0.62,0.37,0.75,0.77,0.47,DST_136_F_SUR.csv
0.48,0.75,0.41,0.47,0.67,0.49,0.7,0.68,0.6,0.54,0.64,0.57,0.32,0.65,0.43,0.61,0.47,DST_043_M_NUT.csv
0.86,0.97,0.23,0.99,0.35,0.47,0.28,0.54,0.68,0.41,0.51,0.51,0.34,0.43,0.88,0.84,0.36,DST_009_F_SUR.csv
0.72,0.59,0.42,0.97,0.36,0.7,0.37,0.28,0.44,0.69,0.49,0.79,0.56,0.77,0.21,0.54,0.23,DST_146_F_ANG.csv
0.88,0.93,0.26,0.99,0.61,0.51,0.25,0.34,0.54,0.64,0.81,0.66,0.95,0.56,0.4,0.32,0.15,DST_051_M_FER.csv
0.95,0.99,0.2,0.98,0.41,0.35,0.29,0.34,0.42,0.52,0.58,0.78,0.8,0.53,0.72,0.4,0.21,DST_088_M_FER.csv
0.71,0.68,0.39,0.66,0.35,0.41,0.45,0.18,0.4,0.36,0.57,0.42,0.31,0.68,0.38,0.19,0.47,DST_123_F_NUT.csv
0.35,0.55,0.18,0.25,0.84,0.68,0.32,0.72,0.94,0.75,0.25,0.64,0.51,0.74,0.54,0.11,0.53,DST_124_F_HPY.csv
0.96,0.97,0.48,0.96,0.55,0.56,0.37,0.29,0.68,0.79,0.57,0.65,0.78,0.6,0.55,0.56,0.32,DST_083_M_FER.csv
0.66,0.62,0.64,0.7,0.62,0.15,0.48,0.49,0.62,0.55,0.75,0.71,0.74,0.52,0.65,0.61,0.38,DST_018_M_NUT.csv
0.72,0.57,0.94,0.69,0.63,0.29,0.6,0.65,0.67,0.71,0.82,0.91,0.65,0.53,0.28,0.29,0.41,DST_017_F_SAD.csv
0.92,0.99,0.35,0.99,0.36,0.46,0.29,0.17,0.36,0.63,0.67,0.89,0.89,0.63,0.36,0.55,0.18,DST_173_F_FER.csv
0.92,0.99,0.07,0.99,0.41,0.09,0.19,0.37,0.68,0.47,0.71,0.6,0.94,0.41,0.76,0.24,0.25,DST_042_F_FER.csv
0.61,0.34,0.52,0.29,0.97,0.83,0.58,0.95,0.96,0.85,0.54,0.92,0.7,0.64,0.51,0.23,0.34,DST_012_M_HPY.csv
0.68,0.57,0.87,0.37,0.74,0.82,0.59,0.58,0.49,0.6,0.84,0.86,0.91,0.6,0.7,0.66,0.57,DST_108_M_SAD.csv
0.41,0.34,0.77,0.29,0.87,0.96,0.97,0.69,0.41,0.41,0.67,0.92,0.47,0.81,0.37,0.18,0.6,DST_123_F_DIS.csv
0.77,0.76,0.34,0.47,0.44,0.16,0.46,0.49,0.71,0.68,0.54,0.44,0.54,0.41,0.56,0.31,0.51,Copy of DST_040_F_NUT.csv
0.6,0.33,0.78,0.65,0.77,0.66,0.67,0.82,0.63,0.44,0.91,0.75,0.95,0.45,0.77,0.43,0.2,DST_071_M_SAD.csv
0.5,0.57,0.3,0.46,0.48,0.71,0.47,0.23,0.44,0.23,0.67,0.5,0.39,0.6,0.48,0.23,0.54,DST_124_F_NUT.csv
0.3,0.36,0.69,0.87,0.36,0.63,0.38,0.29,0.31,0.39,0.78,0.93,0.48,0.74,0.14,0.12,0.23,DST_149_F_ANG.csv
0.79,0.56,0.76,0.44,0.86,0.98,0.93,0.77,0.68,0.69,0.4,0.62,0.33,0.57,0.71,0.54,0.51,DST_182_F_DIS.csv
0.91,0.97,0.35,0.98,0.41,0.4,0.22,0.43,0.67,0.24,0.53,0.46,0.18,0.54,0.91,0.91,0.38,DST_124_F_SUR.csv
0.5,0.17,0.75,0.2,0.98,0.97,0.91,0.95,0.94,0.8,0.74,0.93,0.71,0.57,0.88,0.4,0.51,DST_074_M_DIS.csv
0.5,0.43,0.55,0.59,0.37,0.4,0.61,0.55,0.43,0.7,0.61,0.63,0.5,0.51,0.61,0.49,0.48,DST_164_F_NUT.csv
0.87,0.75,0.85,0.69,0.76,0.57,0.38,0.83,0.71,0.73,0.75,0.95,0.73,0.59,0.9,0.81,0.59,DST_048_M_SAD.csv
0.5,0.2,0.95,0.35,0.61,0.77,0.6,0.35,0.37,0.66,0.74,0.75,0.72,0.59,0.44,0.62,0.51,DST_098_M_SAD.csv
0.25,0.48,0.39,0.39,0.87,0.82,0.95,0.86,0.83,0.49,0.63,0.8,0.36,0.64,0.62,0.31,0.22,DST_064_M_DIS.csv
0.51,0.48,0.37,0.54,0.37,0.63,0.52,0.28,0.48,0.34,0.43,0.56,0.45,0.49,0.34,0.48,0.29,DST_178_F_NUT.csv
0.38,0.19,0.83,0.36,0.69,0.84,0.66,0.5,0.55,0.53,0.91,0.97,0.78,0.65,0.25,0.49,0.3,DST_105_M_SAD.csv
0.88,0.78,0.5,0.53,0.55,0.78,0.43,0.63,0.69,0.69,0.59,0.87,0.7,0.56,0.58,0.63,0.66,DST_122_M_SAD.csv
0.62,0.65,0.91,0.68,0.85,0.93,0.96,0.83,0.47,0.47,0.66,0.96,0.71,0.73,0.26,0.28,0.17,DST_068_M_ANG.csv
0.79,0.4,0.95,0.59,0.91,0.99,0.93,0.89,0.71,0.37,0.51,0.8,0.34,0.59,0.78,0.48,0.52,DST_065_F_DIS.csv
0.86,0.94,0.33,0.97,0.46,0.46,0.37,0.66,0.63,0.85,0.53,0.8,0.8,0.53,0.31,0.28,0.21,DST_032_F_FER.csv
0.88,0.99,0.42,1.0,0.22,0.14,0.19,0.33,0.49,0.11,0.38,0.58,0.14,0.38,0.75,0.83,0.31,DST_036_F_SUR.csv
0.38,0.3,0.91,0.4,0.93,0.96,0.98,0.91,0.5,0.7,0.88,0.85,0.78,0.68,0.65,0.4,0.35,DST_108_M_DIS.csv
0.75,0.65,0.27,0.97,0.46,0.22,0.48,0.47,0.61,0.81,0.57,0.86,0.79,0.66,0.19,0.31,0.07,DST_017_F_ANG.csv
0.55,0.41,0.74,0.22,0.9,0.96,0.94,0.93,0.75,0.78,0.22,0.75,0.26,0.64,0.35,0.18,0.3,DST_032_F_DIS.csv
0.4,0.26,0.44,0.36,0.89,0.79,0.48,0.7,0.96,0.82,0.41,0.71,0.8,0.69,0.44,0.27,0.28,DST_081_M_HPY.csv
0.84,0.29,0.94,0.68,0.63,0.72,0.47,0.74,0.65,0.58,0.89,0.97,0.83,0.4,0.39,0.39,0.39,DST_002_F_SAD.csv
0.42,0.51,0.39,0.39,0.58,0.2,0.46,0.51,0.51,0.56,0.68,0.69,0.72,0.41,0.54,0.48,0.36,DST_026_M_NUT.csv
0.98,0.99,0.4,0.98,0.41,0.62,0.25,0.26,0.68,0.3,0.61,0.39,0.57,0.28,0.82,0.78,0.35,DST_115_M_SUR.csv
0.31,0.22,0.86,0.35,0.74,0.83,0.69,0.55,0.69,0.66,0.79,0.97,0.63,0.66,0.25,0.52,0.26,DST_105_M_ANG.csv
0.71,0.67,0.48,0.55,0.57,0.3,0.46,0.62,0.61,0.71,0.85,0.81,0.82,0.4,0.57,0.66,0.52,DST_040_F_SAD.csv
0.9,0.95,0.52,0.99,0.56,0.4,0.21,0.41,0.56,0.42,0.69,0.68,0.91,0.46,0.75,0.31,0.2,DST_047_M_FER.csv
0.89,0.97,0.36,1.0,0.2,0.49,0.23,0.25,0.29,0.13,0.56,0.71,0.54,0.35,0.69,0.76,0.28,DST_146_F_SUR.csv
0.47,0.28,0.79,0.51,0.62,0.94,0.69,0.37,0.56,0.67,0.45,0.9,0.46,0.67,0.18,0.57,0.24,DST_178_F_ANG.csv
0.88,0.38,0.89,0.61,0.53,0.49,0.58,0.64,0.57,0.83,0.82,0.83,0.91,0.45,0.55,0.69,0.58,DST_004_F_SAD.csv
0.89,0.41,0.75,0.94,0.7,0.94,0.41,0.73,0.62,0.65,0.73,0.96,0.91,0.81,0.42,0.38,0.16,DST_170_F_ANG.csv
0.68,0.72,0.8,0.64,0.5,0.93,0.41,0.25,0.33,0.32,0.79,0.91,0.56,0.52,0.27,0.17,0.59,DST_149_F_SAD.csv
0.93,0.99,0.49,0.98,0.48,0.39,0.53,0.43,0.51,0.84,0.58,0.86,0.82,0.61,0.44,0.35,0.27,DST_163_F_FER.csv
0.6,0.71,0.54,0.66,0.43,0.45,0.47,0.5,0.48,0.54,0.47,0.57,0.46,0.49,0.4,0.43,0.45,DST_099_M_NUT.csv
0.86,0.98,0.38,0.99,0.32,0.57,0.18,0.16,0.49,0.13,0.46,0.31,0.45,0.43,0.77,0.94,0.36,DST_185_F_SUR.csv
0.41,0.51,0.84,0.59,0.39,0.42,0.49,0.56,0.51,0.8,0.45,0.91,0.5,0.64,0.15,0.42,0.6,DST_158_F_ANG.csv
0.55,0.67,0.19,0.41,0.24,0.19,0.22,0.11,0.28,0.33,0.55,0.52,0.34,0.43,0.3,0.45,0.39,DST_138_F_NUT.csv
0.19,0.3,0.57,0.33,0.83,0.95,0.96,0.81,0.56,0.56,0.54,0.94,0.59,0.77,0.29,0.77,0.15,DST_119_M_ANG.csv
0.51,0.47,0.17,0.5,0.69,0.78,0.25,0.48,0.92,0.68,0.33,0.3,0.46,0.63,0.6,0.32,0.35,DST_171_F_HPY.csv
0.88,0.97,0.32,0.98,0.52,0.35,0.51,0.57,0.43,0.55,0.48,0.76,0.76,0.54,0.68,0.51,0.26,DST_043_M_FER.csv
0.71,0.4,0.62,0.29,0.85,0.83,0.92,0.88,0.69,0.85,0.6,0.94,0.54,0.74,0.29,0.35,0.57,DST_024_F_ANG.csv
0.72,0.55,0.96,0.9,0.78,0.86,0.71,0.65,0.59,0.81,0.8,0.95,0.78,0.75,0.41,0.81,0.3,DST_116_M_ANG.csv
0.56,0.35,0.76,0.48,0.56,0.54,0.71,0.7,0.6,0.88,0.49,0.91,0.48,0.72,0.41,0.72,0.24,DST_164_F_ANG.csv
0.55,0.44,0.7,0.31,0.73,0.39,0.55,0.52,0.56,0.7,0.84,0.94,0.9,0.62,0.42,0.45,0.39,DST_106_M_SAD.csv
0.88,0.97,0.11,0.85,0.55,0.19,0.4,0.46,0.7,0.66,0.6,0.62,0.85,0.57,0.52,0.5,0.46,DST_013_M_FER.csv
0.8,0.65,0.67,0.34,0.62,0.78,0.88,0.7,0.55,0.61,0.24,0.92,0.49,0.76,0.4,0.65,0.34,DST_183_F_ANG.csv
0.7,0.7,0.64,0.81,0.64,0.23,0.5,0.68,0.63,0.75,0.83,0.92,0.63,0.63,0.46,0.68,0.36,DST_018_M_SAD.csv
0.39,0.23,0.57,0.51,0.93,0.97,0.6,0.76,0.92,0.77,0.45,0.66,0.74,0.65,0.54,0.12,0.58,DST_126_F_HPY.csv
0.85,0.96,0.37,0.99,0.19,0.59,0.4,0.22,0.14,0.19,0.75,0.75,0.88,0.45,0.44,0.44,0.17,DST_029_F_FER.csv
0.67,0.69,0.43,0.43,0.84,0.72,0.5,0.92,0.93,0.94,0.31,0.78,0.75,0.72,0.64,0.43,0.44,DST_031_M_HPY.csv
0.86,0.98,0.41,0.99,0.29,0.27,0.31,0.34,0.48,0.38,0.56,0.59,0.26,0.55,0.79,0.89,0.39,DST_161_F_SUR.csv
0.85,0.98,0.26,1.0,0.19,0.23,0.09,0.38,0.43,0.22,0.28,0.59,0.46,0.43,0.68,0.66,0.36,DST_162_F_SUR.csv
0.66,0.39,0.91,0.51,0.5,0.84,0.7,0.67,0.38,0.55,0.84,0.85,0.85,0.44,0.66,0.34,0.34,DST_029_F_SAD.csv
0.52,0.31,0.77,0.53,0.96,0.98,0.98,0.88,0.69,0.47,0.43,0.63,0.74,0.69,0.96,0.34,0.26,DST_071_M_DIS.csv
0.91,0.74,0.46,0.93,0.37,0.27,0.45,0.7,0.64,0.84,0.77,0.78,0.91,0.35,0.52,0.17,0.27,DST_004_F_FER.csv
0.81,0.93,0.13,0.98,0.33,0.32,0.15,0.17,0.5,0.49,0.81,0.52,0.93,0.61,0.41,0.4,0.26,DST_133_F_FER.csv
0.57,0.62,0.18,0.54,0.36,0.6,0.22,0.22,0.48,0.38,0.52,0.26,0.75,0.51,0.46,0.31,0.44,DST_171_F_NUT.csv
0.87,0.95,0.33,0.99,0.14,0.38,0.23,0.15,0.25,0.09,0.38,0.55,0.31,0.48,0.42,0.86,0.4,DST_178_F_SUR.csv
0.5,0.53,0.36,0.59,0.31,0.46,0.24,0.15,0.34,0.47,0.56,0.44,0.64,0.54,0.19,0.38,0.48,DST_136_F_NUT.csv
0.67,0.57,0.79,0.51,0.55,0.75,0.53,0.62,0.46,0.77,0.6,0.78,0.76,0.54,0.26,0.21,0.31,DST_032_F_SAD.csv
0.97,0.99,0.38,0.96,0.41,0.46,0.15,0.32,0.61,0.4,0.81,0.59,0.83,0.5,0.48,0.2,0.26,DST_065_F_FER.csv
0.5,0.44,0.78,0.83,0.75,0.68,0.6,0.64,0.58,0.81,0.75,0.97,0.91,0.81,0.23,0.63,0.31,DST_103_M_ANG.csv
0.87,0.94,0.53,0.98,0.49,0.54,0.39,0.71,0.66,0.24,0.59,0.59,0.68,0.41,0.96,0.8,0.36,DST_002_F_SUR.csv
0.56,0.64,0.55,0.63,0.9,0.94,0.95,0.81,0.63,0.52,0.92,0.94,0.76,0.78,0.44,0.34,0.08,DST_071_M_ANG.csv
0.96,0.99,0.65,0.94,0.68,0.63,0.47,0.44,0.57,0.33,0.88,0.86,0.86,0.5,0.86,0.77,0.37,DST_108_M_FER.csv
0.57,0.34,0.91,0.46,0.84,0.88,0.8,0.7,0.73,0.65,0.47,0.89,0.38,0.76,0.25,0.54,0.21,DST_186_F_ANG.csv
0.85,0.96,0.46,0.98,0.21,0.42,0.18,0.31,0.36,0.14,0.69,0.77,0.36,0.47,0.73,0.82,0.45,DST_128_F_SUR.csv
0.84,0.91,0.37,0.98,0.53,0.33,0.26,0.41,0.63,0.08,0.81,0.71,0.66,0.35,0.91,0.34,0.25,DST_056_M_FER.csv
0.38,0.36,0.77,0.29,0.94,0.99,0.97,0.78,0.64,0.74,0.52,0.82,0.7,0.61,0.5,0.27,0.31,DST_099_M_DIS.csv
0.49,0.42,0.83,0.39,0.85,0.94,0.96,0.91,0.54,0.53,0.35,0.8,0.36,0.64,0.84,0.49,0.6,DST_162_F_DIS.csv
0.59,0.62,0.82,0.41,0.85,0.9,0.92,0.88,0.68,0.75,0.48,0.88,0.25,0.64,0.37,0.33,0.47,DST_158_F_DIS.csv
0.73,0.8,0.67,0.86,0.65,0.32,0.73,0.64,0.69,0.97,0.84,0.93,0.77,0.62,0.28,0.46,0.15,DST_016_M_ANG.csv
0.91,0.96,0.18,0.99,0.29,0.21,0.11,0.41,0.52,0.59,0.48,0.83,0.81,0.51,0.49,0.33,0.24,DST_162_F_FER.csv
0.38,0.38,0.92,0.31,0.86,0.97,0.96,0.93,0.38,0.57,0.89,0.98,0.54,0.46,0.54,0.56,0.2,DST_026_M_DIS.csv
0.32,0.58,0.46,0.52,0.83,0.97,0.95,0.69,0.45,0.22,0.47,0.57,0.21,0.59,0.5,0.27,0.61,DST_124_F_DIS.csv
0.88,0.97,0.28,0.91,0.63,0.29,0.4,0.28,0.64,0.73,0.65,0.77,0.89,0.62,0.58,0.5,0.33,DST_106_M_FER.csv
0.9,0.98,0.54,0.99,0.32,0.52,0.34,0.19,0.42,0.3,0.56,0.65,0.39,0.43,0.77,0.74,0.26,DST_173_F_SUR.csv
0.66,0.82,0.24,0.48,0.77,0.63,0.44,0.73,0.92,0.78,0.36,0.6,0.71,0.52,0.56,0.33,0.34,DST_186_F_HPY.csv
0.82,0.97,0.36,0.99,0.25,0.33,0.24,0.25,0.43,0.38,0.43,0.56,0.43,0.5,0.56,0.8,0.34,DST_186_F_SUR.csv
0.94,0.99,0.53,0.99,0.3,0.17,0.42,0.46,0.43,0.25,0.34,0.38,0.26,0.41,0.9,0.76,0.25,DST_159_F_SUR.csv
0.53,0.52,0.53,0.13,0.89,0.86,0.96,0.94,0.56,0.76,0.7,0.97,0.36,0.73,0.37,0.36,0.45,DST_041_M_DIS.csv
0.42,0.35,0.68,0.73,0.8,0.68,0.48,0.59,0.92,0.82,0.47,0.69,0.86,0.67,0.44,0.27,0.41,DST_130_F_HPY.csv
0.94,0.97,0.23,0.98,0.3,0.49,0.12,0.35,0.43,0.46,0.86,0.84,0.83,0.47,0.31,0.35,0.34,DST_131_F_FER.csv
0.87,0.97,0.47,1.0,0.23,0.36,0.4,0.22,0.31,0.2,0.64,0.69,0.8,0.52,0.31,0.28,0.15,DST_130_F_FER.csv
0.27,0.21,0.27,0.61,0.92,0.96,0.67,0.87,0.88,0.82,0.53,0.43,0.48,0.56,0.39,0.09,0.34,DST_135_F_HPY.csv
0.38,0.51,0.51,0.6,0.93,0.92,0.58,0.66,0.92,0.79,0.56,0.61,0.88,0.8,0.55,0.57,0.41,DST_108_M_HPY.csv
0.37,0.42,0.93,0.4,0.95,0.96,0.99,0.88,0.64,0.65,0.51,0.87,0.68,0.69,0.72,0.29,0.41,DST_020_M_DIS.csv
0.84,0.33,0.82,0.45,0.64,0.79,0.31,0.47,0.49,0.77,0.88,0.78,0.97,0.63,0.43,0.48,0.31,DST_051_M_SAD.csv
0.68,0.83,0.22,0.97,0.42,0.65,0.65,0.28,0.26,0.12,0.46,0.85,0.14,0.67,0.14,0.5,0.15,DST_138_F_ANG.csv
0.53,0.6,0.8,0.77,0.38,0.64,0.61,0.72,0.44,0.74,0.49,0.89,0.44,0.67,0.24,0.57,0.31,DST_157_F_ANG.csv
0.93,0.97,0.43,0.98,0.28,0.52,0.38,0.14,0.27,0.17,0.63,0.69,0.63,0.5,0.42,0.55,0.29,DST_119_M_FER.csv
0.51,0.45,0.26,0.52,0.7,0.72,0.4,0.31,0.82,0.81,0.47,0.51,0.77,0.7,0.42,0.29,0.41,DST_123_F_HPY.csv
0.74,0.74,0.54,0.79,0.76,0.77,0.45,0.5,0.88,0.75,0.58,0.68,0.72,0.82,0.6,0.74,0.45,DST_110_M_HPY.csv
0.55,0.43,0.74,0.35,0.84,0.97,0.94,0.81,0.65,0.82,0.58,0.46,0.43,0.62,0.71,0.62,0.37,DST_022_M_DIS.csv
0.47,0.51,0.36,0.5,0.28,0.52,0.39,0.13,0.33,0.54,0.59,0.49,0.54,0.45,0.26,0.36,0.44,DST_145_F_NUT.csv
0.72,0.81,0.31,0.98,0.62,0.44,0.36,0.7,0.8,0.56,0.61,0.67,0.79,0.49,0.47,0.4,0.2,DST_010_M_FER.csv
0.89,0.99,0.2,0.99,0.15,0.18,0.3,0.17,0.3,0.15,0.32,0.47,0.21,0.38,0.54,0.64,0.33,DST_025_F_SUR.csv
0.53,0.55,0.58,0.3,0.8,0.77,0.76,0.79,0.66,0.78,0.77,0.89,0.91,0.61,0.47,0.3,0.68,DST_013_M_SAD.csv
0.64,0.75,0.61,0.75,0.9,0.93,0.9,0.92,0.82,0.63,0.48,0.92,0.26,0.69,0.5,0.38,0.29,DST_015_M_DIS.csv
0.55,0.43,0.67,0.51,0.91,0.93,0.81,0.85,0.86,0.93,0.66,0.82,0.59,0.73,0.52,0.61,0.55,DST_098_M_HPY.csv
0.47,0.62,0.78,0.7,0.96,0.91,0.97,0.95,0.8,0.77,0.57,0.88,0.3,0.6,0.77,0.31,0.3,DST_018_M_DIS.csv
0.57,0.31,0.81,0.58,0.48,0.83,0.43,0.5,0.35,0.54,0.88,0.9,0.48,0.55,0.61,0.28,0.57,DST_126_F_SAD.csv
0.57,0.56,0.36,0.59,0.92,0.85,0.53,0.6,0.95,0.73,0.53,0.67,0.45,0.57,0.39,0.14,0.34,DST_086_M_HPY.csv
0.58,0.58,0.91,0.93,0.57,0.96,0.74,0.57,0.42,0.32,0.54,0.81,0.24,0.7,0.36,0.21,0.24,DST_126_F_ANG.csv
0.87,0.83,0.61,0.99,0.44,0.17,0.34,0.45,0.69,0.66,0.65,0.59,0.7,0.47,0.41,0.26,0.08,DST_017_F_FER.csv
0.82,0.97,0.19,0.99,0.33,0.41,0.16,0.19,0.37,0.31,0.5,0.65,0.83,0.49,0.6,0.4,0.17,DST_138_F_FER.csv
0.56,0.61,0.64,0.73,0.83,0.94,0.94,0.74,0.57,0.65,0.45,0.92,0.45,0.76,0.25,0.64,0.17,DST_099_M_ANG.csv
0.45,0.58,0.29,0.69,0.8,0.69,0.33,0.78,0.98,0.88,0.39,0.71,0.54,0.69,0.76,0.55,0.28,DST_009_F_HPY.csv
0.93,0.97,0.69,0.99,0.43,0.48,0.26,0.18,0.59,0.35,0.67,0.61,0.83,0.65,0.63,0.7,0.39,DST_110_M_FER.csv
0.61,0.57,0.3,0.65,0.74,0.85,0.63,0.68,0.84,0.82,0.42,0.56,0.66,0.59,0.53,0.35,0.36,DST_146_F_HPY.csv
0.49,0.32,0.72,0.24,0.41,0.46,0.51,0.29,0.43,0.47,0.67,0.7,0.58,0.54,0.36,0.46,0.38,DST_081_M_NUT.csv
0.5,0.67,0.46,0.57,0.39,0.3,0.53,0.39,0.48,0.44,0.56,0.51,0.37,0.44,0.5,0.52,0.42,DST_088_M_NUT.csv
0.83,0.57,0.87,0.57,0.6,0.19,0.44,0.67,0.67,0.85,0.81,0.87,0.7,0.41,0.49,0.47,0.38,DST_005_F_SAD.csv
0.35,0.46,0.4,0.47,0.87,0.66,0.55,0.89,0.96,0.8,0.56,0.75,0.78,0.59,0.48,0.38,0.31,DST_010_M_HPY.csv
0.6,0.41,0.91,0.28,0.81,0.93,0.86,0.68,0.67,0.31,0.34,0.72,0.12,0.72,0.38,0.25,0.54,DST_040_F_DIS.csv
0.69,0.62,0.92,0.92,0.65,0.45,0.34,0.72,0.64,0.82,0.74,0.9,0.79,0.71,0.33,0.46,0.17,DST_018_M_ANG.csv
0.85,0.94,0.43,0.99,0.34,0.18,0.3,0.47,0.49,0.58,0.68,0.64,0.74,0.51,0.83,0.68,0.24,DST_164_F_FER.csv
0.58,0.6,0.46,0.75,0.89,0.87,0.63,0.75,0.93,0.75,0.48,0.48,0.71,0.66,0.68,0.43,0.24,DST_071_M_HPY.csv
0.92,0.93,0.49,0.98,0.58,0.45,0.35,0.65,0.56,0.31,0.84,0.85,0.93,0.54,0.44,0.43,0.18,DST_084_M_FER.csv
0.98,0.99,0.28,0.97,0.7,0.59,0.51,0.62,0.8,0.72,0.79,0.85,0.86,0.63,0.76,0.56,0.24,DST_116_M_FER.csv
0.44,0.4,0.72,0.25,0.96,0.97,0.96,0.92,0.79,0.76,0.46,0.88,0.48,0.6,0.5,0.55,0.58,DST_077_M_DIS.csv
0.77,0.81,0.53,0.98,0.39,0.49,0.36,0.2,0.37,0.51,0.88,0.7,0.9,0.61,0.42,0.46,0.25,DST_123_F_FER.csv
0.88,0.94,0.4,0.97,0.54,0.61,0.23,0.19,0.64,0.44,0.63,0.78,0.73,0.49,0.54,0.19,0.18,DST_114_M_FER.csv
0.95,0.99,0.5,0.99,0.34,0.61,0.29,0.23,0.36,0.15,0.65,0.49,0.57,0.3,0.93,0.92,0.42,DST_142_F_SUR.csv
0.77,0.58,0.9,0.65,0.87,0.85,0.76,0.82,0.76,0.66,0.92,0.95,0.76,0.5,0.55,0.49,0.34,DST_116_M_SAD.csv
0.71,0.35,0.83,0.43,0.73,0.91,0.52,0.74,0.55,0.75,0.53,0.86,0.73,0.66,0.77,0.81,0.44,DST_138_F_SAD.csv
0.45,0.53,0.74,0.3,0.81,0.98,0.95,0.9,0.54,0.38,0.52,0.96,0.28,0.76,0.39,0.47,0.47,DST_122_M_DIS.csv
0.8,0.81,0.37,0.62,0.54,0.78,0.77,0.82,0.54,0.6,0.88,0.87,0.7,0.44,0.68,0.29,0.42,DST_024_F_FER.csv
0.84,0.94,0.12,0.99,0.29,0.49,0.15,0.19,0.46,0.12,0.63,0.61,0.62,0.4,0.63,0.68,0.25,DST_171_F_SUR.csv
0.53,0.66,0.58,0.95,0.46,0.59,0.51,0.52,0.57,0.8,0.85,0.97,0.82,0.77,0.22,0.59,0.4,DST_122_M_ANG.csv
0.47,0.47,0.76,0.51,0.83,0.98,0.96,0.61,0.53,0.61,0.4,0.67,0.23,0.63,0.51,0.63,0.65,DST_157_F_DIS.csv
0.54,0.59,0.91,0.59,0.87,0.94,0.97,0.8,0.7,0.69,0.42,0.66,0.44,0.61,0.55,0.4,0.45,DST_046_F_DIS.csv
0.49,0.37,0.55,0.39,0.42,0.58,0.44,0.35,0.52,0.7,0.81,0.86,0.54,0.54,0.18,0.46,0.51,DST_025_F_SAD.csv
0.87,0.85,0.41,0.39,0.7,0.79,0.32,0.43,0.92,0.85,0.4,0.56,0.77,0.6,0.65,0.37,0.64,DST_182_F_HPY.csv
0.63,0.5,0.86,0.6,0.73,0.87,0.56,0.71,0.52,0.45,0.57,0.76,0.74,0.44,0.62,0.51,0.58,DST_031_M_SAD.csv
0.5,0.52,0.2,0.66,0.8,0.48,0.28,0.55,0.97,0.72,0.48,0.57,0.52,0.61,0.55,0.25,0.45,DST_064_M_HPY.csv
0.91,0.93,0.31,0.98,0.51,0.35,0.27,0.34,0.64,0.6,0.72,0.83,0.81,0.48,0.77,0.51,0.15,DST_077_M_FER.csv
0.57,0.52,0.9,0.43,0.88,0.99,0.82,0.71,0.77,0.56,0.59,0.91,0.7,0.42,0.53,0.69,0.56,DST_089_M_SAD.csv
0.87,0.52,0.92,0.26,0.76,0.92,0.48,0.75,0.78,0.83,0.74,0.89,0.48,0.66,0.61,0.49,0.52,DST_088_M_SAD.csv
0.74,0.86,0.29,0.95,0.23,0.54,0.3,0.15,0.29,0.7,0.7,0.56,0.87,0.54,0.29,0.35,0.25,DST_135_F_FER.csv
0.46,0.36,0.26,0.64,0.73,0.62,0.2,0.31,0.89,0.86,0.39,0.4,0.72,0.6,0.42,0.36,0.32,DST_136_F_HPY.csv
0.65,0.68,0.9,0.49,0.91,0.98,0.96,0.83,0.64,0.56,0.29,0.88,0.49,0.82,0.52,0.34,0.52,DST_163_F_DIS.csv
0.6,0.54,0.67,0.73,0.68,0.93,0.87,0.58,0.28,0.41,0.91,0.86,0.81,0.62,0.39,0.34,0.29,DST_133_F_DIS.csv
0.73,0.49,0.67,0.83,0.51,0.63,0.37,0.23,0.51,0.4,0.83,0.82,0.63,0.49,0.34,0.24,0.4,DST_097_M_NUT.csv
0.93,0.99,0.31,0.99,0.46,0.22,0.34,0.46,0.56,0.43,0.46,0.68,0.79,0.28,0.83,0.46,0.2,DST_036_F_FER.csv
0.79,0.96,0.45,0.99,0.22,0.62,0.3,0.21,0.4,0.24,0.43,0.59,0.21,0.44,0.82,0.82,0.39,DST_131_F_SUR.csv
0.6,0.47,0.81,0.54,0.41,0.52,0.52,0.23,0.31,0.4,0.88,0.94,0.68,0.67,0.32,0.34,0.41,DST_123_F_SAD.csv
0.58,0.36,0.82,0.52,0.75,0.91,0.71,0.66,0.42,0.65,0.63,0.8,0.86,0.67,0.68,0.49,0.48,DST_099_M_SAD.csv
0.58,0.3,0.79,0.25,0.9,0.99,0.94,0.91,0.6,0.58,0.43,0.96,0.34,0.72,0.22,0.07,0.4,DST_029_F_DIS.csv
0.36,0.74,0.27,0.66,0.89,0.45,0.38,0.84,0.98,0.95,0.29,0.91,0.59,0.78,0.66,0.61,0.38,DST_048_M_HPY.csv
0.61,0.7,0.42,0.53,0.3,0.22,0.34,0.36,0.49,0.57,0.41,0.51,0.32,0.47,0.4,0.53,0.59,DST_157_F_NUT.csv
0.74,0.53,0.64,0.7,0.42,0.48,0.34,0.59,0.47,0.86,0.44,0.86,0.66,0.72,0.35,0.69,0.49,DST_162_F_ANG.csv
0.46,0.39,0.56,0.53,0.89,0.93,0.56,0.82,0.94,0.85,0.58,0.53,0.79,0.56,0.51,0.35,0.47,DST_096_M_HPY.csv
0.63,0.61,0.34,0.58,0.95,0.86,0.65,0.88,0.97,0.87,0.51,0.68,0.62,0.58,0.86,0.59,0.38,DST_116_M_HPY.csv
0.67,0.32,0.91,0.72,0.81,0.85,0.39,0.6,0.57,0.94,0.82,0.93,0.96,0.79,0.2,0.67,0.17,DST_051_M_ANG.csv
0.41,0.44,0.59,0.67,0.63,0.55,0.66,0.44,0.62,0.83,0.63,0.84,0.51,0.8,0.29,0.63,0.26,DST_161_F_ANG.csv
0.9,0.99,0.29,0.98,0.33,0.63,0.51,0.35,0.49,0.09,0.34,0.56,0.3,0.34,0.94,0.48,0.37,DST_089_M_SUR.csv
0.94,0.98,0.57,0.99,0.35,0.72,0.56,0.5,0.48,0.23,0.66,0.57,0.29,0.49,0.74,0.86,0.31,DST_096_M_SUR.csv
0.42,0.79,0.64,0.93,0.65,0.39,0.52,0.58,0.62,0.5,0.41,0.93,0.51,0.8,0.41,0.68,0.19,DST_048_M_ANG.csv
0.61,0.35,0.59,0.72,0.58,0.76,0.45,0.28,0.46,0.78,0.55,0.82,0.79,0.69,0.18,0.58,0.29,DST_136_F_ANG.csv
0.93,0.99,0.52,1.0,0.39,0.05,0.22,0.29,0.52,0.14,0.67,0.36,0.38,0.24,0.92,0.96,0.28,DST_018_M_SUR.csv
0.74,0.95,0.43,0.99,0.19,0.65,0.53,0.22,0.22,0.05,0.31,0.49,0.21,0.46,0.57,0.77,0.21,DST_029_F_SUR.csv
0.97,0.99,0.46,0.99,0.42,0.36,0.55,0.57,0.65,0.22,0.69,0.84,0.28,0.46,0.87,0.76,0.28,DST_116_M_SUR.csv
0.75,0.3,0.86,0.47,0.45,0.83,0.39,0.44,0.49,0.33,0.8,0.93,0.54,0.6,0.51,0.7,0.49,DST_185_F_SAD.csv
0.52,0.4,0.72,0.22,0.89,0.94,0.96,0.69,0.58,0.34,0.43,0.9,0.57,0.71,0.35,0.14,0.73,DST_024_F_DIS.csv
0.94,0.98,0.46,0.99,0.29,0.39,0.43,0.25,0.42,0.14,0.55,0.79,0.27,0.57,0.51,0.86,0.29,DST_084_M_SUR.csv
0.65,0.5,0.68,0.94,0.46,0.7,0.64,0.36,0.36,0.53,0.72,0.93,0.62,0.78,0.11,0.27,0.14,DST_145_F_ANG.csv
0.7,0.63,0.76,0.89,0.53,0.55,0.44,0.49,0.48,0.6,0.61,0.93,0.68,0.69,0.15,0.44,0.18,DST_040_F_ANG.csv
0.55,0.6,0.61,0.56,0.77,0.98,0.92,0.54,0.41,0.2,0.43,0.82,0.17,0.71,0.34,0.39,0.68,DST_185_F_DIS.csv
0.61,0.36,0.37,0.83,0.77,0.8,0.24,0.67,0.89,0.89,0.52,0.49,0.82,0.71,0.58,0.19,0.27,DST_170_F_HPY.csv
0.7,0.43,0.35,0.54,0.8,0.63,0.49,0.75,0.94,0.92,0.4,0.59,0.73,0.51,0.6,0.24,0.51,DST_004_F_HPY.csv
